Date,EUR,INR,ISK,JPY,KRW,NOK
01-01-2014,0.72754,61.803001,115.269997,105.300003,1054.800049,6.06308
01-02-2014,0.72639,61.84,115.129997,105.323997,1050.75,6.06453
01-03-2014,0.73171,62.060001,115.349998,104.833,1049.599976,6.16883
01-06-2014,0.73551,62.23,115.849998,104.912003,1053.800049,6.14827
01-07-2014,0.73357,62.310001,115.839996,104.209999,1065.400024,6.16626
01-08-2014,0.73441,62.080002,116.5,104.711998,1068.5,6.16623
01-09-2014,0.73681,62.119999,116.82,104.844002,1064.699951,6.2038
01-10-2014,0.73491,61.779999,116.760002,104.830002,1062,6.17539
01-13-2014,0.73143,61.439999,116.580002,103.948997,1060.400024,6.14312
01-14-2014,0.73153,61.470001,115.110001,103.115997,1058.5,6.1152
01-15-2014,0.73161,61.470001,115.370003,104.179001,1058.300049,6.08455
01-16-2014,0.73533,61.540001,115.379997,104.570999,1063,6.1341
01-17-2014,0.73432,61.419998,115.449997,104.294998,1062.400024,6.17951
01-20-2014,0.73923,61.549999,115.839996,104.237999,1041.599976,6.15807
01-21-2014,0.73806,61.618,115.690002,104.224998,1062.5,6.1785
01-22-2014,0.73751,61.970001,115.669998,104.223,1064.199951,6.1686
01-23-2014,0.73843,61.869999,115.029999,104.635002,1066.5,6.16339
01-24-2014,0.73051,62.130001,114.580002,103.370003,1072.699951,6.08846
01-27-2014,0.73057,62.73,114.529999,102.050003,1078.400024,6.127
01-28-2014,0.73128,63.380001,114.629997,102.661003,1082.5,6.14517
01-29-2014,0.73233,62.380001,114.739998,103.231003,1076.900024,6.12762
01-30-2014,0.73214,62.467999,115.25,102.300003,1069.099976,6.1686
01-31-2014,0.73753,62.310001,115.580002,102.758003,1079.300049,6.2396
02-03-2014,0.74139,62.5,115.540001,102.192001,1080.199951,6.27344
02-04-2014,0.73937,62.869999,115.419998,101.141998,1083.599976,6.2838
02-05-2014,0.73987,62.130001,115.540001,101.689003,1083,6.285
02-06-2014,0.73882,62.23,115.43,101.466003,1076.900024,6.2291
02-07-2014,0.73572,62.23,115.080002,102.039001,1077.699951,6.2061
02-10-2014,0.73425,62.09,114.599998,102.524002,1075.300049,6.17394
02-11-2014,0.73281,62.448002,114.120003,102.133003,1071.900024,6.12647
02-12-2014,0.73319,62.029999,114.029999,102.519997,1069.900024,6.12412
02-13-2014,0.73583,61.68,113.339996,102.469002,1061.400024,6.117
02-14-2014,0.73106,62.150002,113.18,102.188004,1065.300049,6.10226
02-17-2014,0.72993,61.830002,113.010002,101.564003,1058.75,6.0736
02-18-2014,0.72969,61.790001,113,102.061996,1059.400024,6.07959
02-19-2014,0.72664,62.209999,112.830002,102.332001,1064.400024,6.03409
02-20-2014,0.72831,62.259998,113.419998,102.310997,1065.300049,6.0746
02-21-2014,0.7288,62.130001,113.330002,102.311996,1071,6.0949
02-24-2014,0.72791,62.009998,112.900002,102.513,1072.099976,6.0721
02-25-2014,0.72801,62.068001,113.120003,102.482002,1073.300049,6.03138
02-26-2014,0.72748,61.978001,112.989998,102.150002,1073.099976,6.03305
02-27-2014,0.73089,62.150002,113.5,102.299004,1065.099976,6.05027
02-28-2014,0.72953,62.02,112.230003,102.110001,1068.699951,6.03729
03-03-2014,0.72585,61.82,112.150002,101.305,1067.300049,6.00891
03-04-2014,0.72796,62.169998,112.519997,101.412003,1069,6.04599
03-05-2014,0.72774,61.599998,112.620003,102.178001,1070.099976,6.0091
03-06-2014,0.72811,61.748001,112.489998,102.366997,1070.199951,5.99544
03-07-2014,0.72134,60.799999,111.57,103.031998,1063.599976,5.9719
03-10-2014,0.72053,61.23,111.760002,103.190002,1064.199951,5.9819
03-11-2014,0.72052,60.810001,112.230003,103.236,1066.099976,5.95244
03-12-2014,0.7216,61.040001,112.529999,102.839996,1064.780029,5.9521
03-13-2014,0.71919,60.77,111.910004,102.782997,1067.030029,5.94659
03-14-2014,0.72122,61.459999,112.309998,101.779999,1067.900024,5.9642
03-17-2014,0.71875,60.98,112.220001,101.330002,1071.930054,5.9699
03-18-2014,0.71805,61.040001,112.650002,101.859001,1066.900024,5.95164
03-19-2014,0.71783,61.108002,112.779999,101.440002,1068.400024,5.95181
03-20-2014,0.72363,60.950001,113.730003,102.468002,1069.599976,6.0383
03-21-2014,0.72558,61.333,113.540001,102.406998,1076,6.05963
03-24-2014,0.72487,61.02,113.470001,102.240997,1079.380005,6.049
03-25-2014,0.7226,60.59,113.400002,102.207001,1076.800049,6.019
03-26-2014,0.72364,60.220001,113.209999,102.285004,1078.300049,6.02792
03-27-2014,0.72558,60.16,112.790001,101.903,1076.430054,6.04484
03-28-2014,0.72773,60.237999,112.769997,102.147003,1068.180054,5.99973
03-31-2014,0.72716,59.84,112.43,102.889,1066.550049,6.0005
04-01-2014,0.72595,59.990002,112.470001,103.213997,1062.5,5.98273
04-02-2014,0.72491,59.779999,112.339996,103.633003,1057.599976,5.97941
04-03-2014,0.72631,59.897999,112.550003,103.866997,1058.439941,5.97116
04-04-2014,0.72866,60.389999,112.949997,103.896004,1056.699951,6.0015
04-07-2014,0.72971,59.669998,112.849998,103.32,1051.449951,5.9912
04-08-2014,0.72764,60.119999,112.290001,103.069,1054.339966,5.9891
04-09-2014,0.72499,60.09,112,101.955002,1046.030029,5.973
04-10-2014,0.72176,59.959999,111.68,102.107002,1035.109985,5.9325
04-11-2014,0.72013,60.299999,111.339996,101.379997,1038.23999,5.9254
04-14-2014,0.72222,60.34,111.879997,101.442001,1038.939941,5.94316
04-15-2014,0.72374,60.34,112.07,101.903999,1040.910034,5.9617
04-16-2014,0.72401,60.299999,111.639999,101.876999,1040.199951,5.95169
04-17-2014,0.72322,60.25,111.639999,102.200996,1036.430054,5.97354
04-18-2014,0.724,60.290001,111.639999,102.443001,1039.27002,5.98495
04-21-2014,0.72384,60.150002,111.639999,102.559998,1037.599976,5.98314
04-22-2014,0.7249,60.48,111.82,102.669998,1038.410034,5.99425
04-23-2014,0.72411,60.757999,111.730003,102.621002,1039.51001,5.9877
04-24-2014,0.72363,61.009998,111.82,102.480003,1038.599976,5.98845
04-25-2014,0.72296,61.119999,112.040001,102.302002,1038.699951,5.99213
04-28-2014,0.72251,60.638,111.839996,102.105003,1039.699951,6.00383
04-29-2014,0.72187,60.643002,111.730003,102.515999,1033.439941,5.99746
04-30-2014,0.72392,60.417999,112,102.564003,1029.439941,6.0048
05-01-2014,0.72102,60.119999,111.730003,102.220001,1032.400024,5.94262
05-02-2014,0.72093,60.139999,111.629997,102.265999,1030.709961,5.94398
05-05-2014,0.72084,60.02,111.540001,102.199997,1029,5.93182
05-06-2014,0.72067,60.110001,111.529999,102.139999,1029.099976,5.95214
05-07-2014,0.71784,59.978001,111.559998,101.693001,1025.51001,5.91696
05-08-2014,0.71882,59.889999,111.449997,101.872002,1022.919983,5.90839
05-09-2014,0.72232,59.93,112.529999,101.593002,1021.909973,5.89534
05-12-2014,0.72671,59.849998,112.959999,101.900002,1023.099976,5.90538
05-13-2014,0.72692,59.419998,113.220001,102.184998,1023.22998,5.91733
05-14-2014,0.72942,59.310001,113.07,102.232002,1022.599976,5.91556
05-15-2014,0.72886,59.400002,112.769997,101.815002,1027.73999,5.92103
05-16-2014,0.72905,59.330002,112.440002,101.499001,1028.23999,5.9446
05-19-2014,0.72975,58.560001,112.300003,101.542,999.830017,5.9304
05-20-2014,0.72919,58.368,112.400002,101.5,1021.700012,5.93064
05-21-2014,0.72971,58.583,112.459999,101.262001,1024.859985,5.95113
05-22-2014,0.7309,58.688,112.470001,101.419998,1025.949951,5.94623
05-23-2014,0.73236,58.278,112.800003,101.764999,1023.97998,5.94462
05-26-2014,0.73374,58.419998,112.959999,101.961998,1024.72998,5.96356
05-27-2014,0.73253,58.650002,112.870003,101.893997,1024.130005,5.9568
05-28-2014,0.7333,59.037998,112.709999,101.976997,1024.380005,5.95247
05-29-2014,0.73565,58.830002,112.709999,101.730003,1020.900024,5.9655
05-30-2014,0.73505,58.900002,112.709999,101.720001,1018.539978,5.96488
06-02-2014,0.73378,59.188,113.120003,101.875999,1020.200012,5.9767
06-03-2014,0.73535,59.16,113.089996,102.419998,1023.400024,5.99175
06-04-2014,0.73416,59.299999,113.099998,102.540001,1022.299988,5.99951
06-05-2014,0.73507,59.259998,113.07,102.681,1025.98999,6.0004
06-06-2014,0.73196,59.162998,112.870003,102.422997,1019.400024,5.97684
06-09-2014,0.73298,59.167999,113.07,102.480003,1019,5.9442
06-10-2014,0.73569,59.198002,113.699997,102.480003,1016.789978,5.96832
06-11-2014,0.7385,59.119999,114.110001,102.314003,1016.190002,5.9796
06-12-2014,0.73871,59.333,114.120003,102,1017.599976,5.99806
06-13-2014,0.73776,59.287998,113.849998,101.699997,1017.340027,5.9846
06-16-2014,0.73866,59.702999,113.889999,101.967003,1017.299988,5.99263
06-17-2014,0.73653,60.09,113.849998,101.870003,1019.5,5.98372
06-18-2014,0.73812,60.323002,113.790001,102.174004,1023.76001,5.9977
06-19-2014,0.7358,59.810001,113.540001,101.889999,1017.859985,6.00804
06-20-2014,0.73468,60.16,113.540001,101.93,1019.22998,6.12183
06-23-2014,0.73567,60.167999,113.669998,102.066002,1020.5,6.12863
06-24-2014,0.73519,60.153,113.529999,101.870003,1018.090027,6.10823
06-25-2014,0.73498,60.189999,113.559998,101.910004,1018.549988,6.1087
06-26-2014,0.73373,59.950001,113.110001,101.800003,1018.280029,6.13108
06-27-2014,0.73459,60.080002,113.059998,101.637001,1015.599976,6.13131
06-30-2014,0.7329,60.037998,112.589996,101.443001,1013.299988,6.1265
07-01-2014,0.73027,59.970001,112.349998,101.290001,1011,6.1306
07-02-2014,0.73095,60.028,112.589996,101.540001,1010.530029,6.16243
07-03-2014,0.73244,59.439999,112.68,101.830002,1008.799988,6.17359
07-04-2014,0.73475,59.610001,113.160004,102.18,1008.719971,6.1906
07-07-2014,0.73592,59.717999,113.040001,102.110001,1008.799988,6.188
07-08-2014,0.73496,59.948002,113.790001,101.800003,1010.599976,6.1599
07-09-2014,0.73437,59.748001,113.790001,101.459999,1010.799988,6.18522
07-10-2014,0.73298,59.757999,113.730003,101.535004,1011,6.15203
07-11-2014,0.73502,60.188,113.610001,101.282997,1012.200012,6.169
07-14-2014,0.73509,60.088001,113.709999,101.370003,1018.5,6.17462
07-15-2014,0.73412,60.060001,113.879997,101.519997,1018.200012,6.1797
07-16-2014,0.73681,60.169998,114.139999,101.660004,1025.900024,6.20842
07-17-2014,0.7391,60.080002,114.18,101.629997,1031.099976,6.1955
07-18-2014,0.73971,60.599998,114.269997,101.230003,1028,6.21363
07-21-2014,0.73898,60.278,114.290001,101.339996,1027.900024,6.18776
07-22-2014,0.73926,60.25,114.68,101.400002,1026,6.19478
07-23-2014,0.7425,60.098,114.889999,101.470001,1022.599976,6.1865
07-24-2014,0.74278,59.860001,115.019997,101.519997,1022.900024,6.1963
07-25-2014,0.74268,60.060001,114.839996,101.760002,1028.400024,6.20044
07-28-2014,0.74466,60.053001,114.910004,101.749001,1025.099976,6.21574
07-29-2014,0.7441,60.049999,114.629997,101.809998,1025.630005,6.22695
07-30-2014,0.74565,60.040001,114.860001,102.075996,1023.799988,6.2467
08-05-2014,0.74504,60.900002,114.779999,102.542,1032.199951,6.26099
08-06-2014,0.74781,60.842999,115.209999,102.588997,1026.199951,6.2787
08-07-2014,0.74722,61.189999,115.129997,102.112999,1032.73999,6.26363
08-08-2014,0.7486,61.237999,115.199997,102.128998,1037.359985,6.24608
08-11-2014,0.74598,61.138,115.470001,102.154999,1036,6.23163
08-12-2014,0.74711,61.119999,115.849998,102.205002,1030,6.1825
08-13-2014,0.74816,61.220001,115.739998,102.281998,1026.199951,6.1809
08-14-2014,0.74806,61.02,115.650002,102.407997,1029.099976,6.15444
08-15-2014,0.74828,60.639999,115.410004,102.496002,1020.200012,6.15513
08-18-2014,0.7468,60.772999,115.349998,102.410004,1020.700012,6.13813
08-19-2014,0.74844,60.82,115.639999,102.610001,1016.789978,6.15693
08-20-2014,0.75064,60.740002,116.089996,102.910004,1016.799988,6.1632
08-21-2014,0.75412,60.608002,116.139999,103.700996,1021.700012,6.1884
08-22-2014,0.75305,60.439999,115.879997,103.848999,1022.700012,6.14764
08-25-2014,0.75765,60.463001,116.339996,104.200996,1020.099976,6.1793
08-26-2014,0.75821,60.509998,116.290001,104.07,1019,6.17584
08-27-2014,0.75929,60.428001,116.589996,104.089996,1015.700012,6.17718
08-28-2014,0.7581,60.448002,116.589996,103.877998,1013.200012,6.17808
08-29-2014,0.75844,60.610001,116.309998,103.695999,1014.200012,6.17481
09-01-2014,0.76174,60.513,116.739998,104.167999,1013.599976,6.1961
09-02-2014,0.7615,60.522999,117.089996,104.339996,1011.799988,6.18722
09-03-2014,0.7615,60.678001,116.779999,105.237,1017.5,6.1912
09-04-2014,0.7604,60.389999,117.07,104.871002,1019.099976,6.21739
09-05-2014,0.77323,60.369999,118.199997,105.582001,1017.900024,6.2681
09-08-2014,0.772,60.388,118.199997,105.18,1023.5,6.2815
09-09-2014,0.77573,60.380001,118.739998,106.160004,1023.5,6.3325
09-10-2014,0.77268,60.790001,118.139999,106.123001,1033.5,6.33889
09-11-2014,0.77417,60.799999,119.019997,106.825996,1033.5,6.3404
09-12-2014,0.77378,60.810001,118.949997,107.105003,1035,6.37682
09-15-2014,0.7716,60.647999,118.650002,107.330002,1009.099976,6.36002
09-16-2014,0.77281,60.970001,118.400002,107.138,1037.400024,6.3961
09-17-2014,0.77166,61.053001,118.300003,107.150002,1034.900024,6.39803
09-18-2014,0.77821,60.908001,119.230003,108.515999,1033.599976,6.44099
09-19-2014,0.77399,60.689999,119.269997,108.800003,1042.599976,6.32053
09-22-2014,0.77873,60.853001,119.660004,108.940002,1022.799988,6.35354
09-23-2014,0.77812,61,119.269997,108.75,1039.800049,6.34357
09-24-2014,0.77797,60.98,119.440002,108.542,1038.800049,6.3484
09-25-2014,0.78259,60.810001,119.93,109.316002,1038.699951,6.39313
09-26-2014,0.78388,61.490002,119.699997,108.610001,1042.599976,6.393
09-29-2014,0.78907,61.138,120.230003,109.411003,1026,6.4601
09-30-2014,0.78797,61.553001,120.949997,109.389999,1052.199951,6.441
10-01-2014,0.79187,61.82,120.849998,109.660004,1053.900024,6.42855
10-02-2014,0.79213,61.713001,120.57,109.019997,1061.800049,6.44357
10-03-2014,0.78923,61.439999,120.779999,108.523003,1060.199951,6.44323
10-06-2014,0.79913,61.537998,120.900002,109.802002,1060.099976,6.52603
10-07-2014,0.79076,61.209999,120.709999,108.867996,1067.900024,6.47827
10-08-2014,0.78939,61.27,119.949997,108.071999,1068.699951,6.45862
10-09-2014,0.78474,60.880001,119.419998,108.126999,1074.069946,6.43676
10-10-2014,0.78808,61.02,120.480003,107.830002,1062.5,6.47326
10-13-2014,0.79115,61.278,120.68,107.337997,1051.900024,6.51047
10-14-2014,0.78592,61.002998,120.730003,107.063004,1065.5,6.48738
10-15-2014,0.7912,61.393002,120.650002,107.314003,1064.199951,6.5794
10-16-2014,0.77993,61.373001,120.199997,105.980003,1059.699951,6.54889
10-17-2014,0.78098,61.723,119.360001,106.404999,1060,6.56331
10-20-2014,0.78434,61.358002,119.790001,107.143997,1063,6.5453
10-21-2014,0.78154,61.228001,119.809998,106.910004,1054.900024,6.5577
10-22-2014,0.78649,61.143002,120.330002,107.021004,1054.099976,6.56776
10-23-2014,0.79105,61.099998,120.599998,107.148003,1052.199951,6.61456
10-24-2014,0.79026,61.130001,120.800003,108.161003,1058.400024,6.56797
10-27-2014,0.78885,61.162998,120.779999,108.202003,1055.599976,6.58524
10-28-2014,0.78731,61.298,120.919998,107.843002,1049.51001,6.58432
10-29-2014,0.78503,61.181,120.610001,108.112,1045.560059,6.6106
10-30-2014,0.79159,61.283001,121.610001,108.846001,1053.099976,6.70089
10-31-2014,0.79281,61.432999,121.589996,109.212997,1053.800049,6.7022
11-03-2014,0.7998,61.397999,122.220001,112.841003,1051.199951,6.7619
11-04-2014,0.80026,61.412998,122.190002,113.648003,1081.599976,6.7969
11-05-2014,0.79665,61.287998,122.629997,113.480003,1076.900024,6.85674
11-06-2014,0.80128,61.369999,122.980003,114.654999,1088.5,6.82996
11-07-2014,0.80775,61.493,123.830002,115.176003,1089.900024,6.86679
11-10-2014,0.80248,61.513,123.129997,114.532997,1064.400024,6.80091
11-11-2014,0.80451,61.529999,124.129997,114.752998,1087.400024,6.8097
11-12-2014,0.80155,61.490002,123.660004,115.721001,1095.300049,6.7934
11-13-2014,0.80451,61.368,123.660004,115.57,1093.5,6.8084
11-14-2014,0.80154,61.592999,124.080002,115.823997,1095.400024,6.78825
11-17-2014,0.79882,61.708,123.650002,116.896004,1100,6.74561
11-18-2014,0.80328,61.823002,123.199997,116.646004,1100.099976,6.7846
11-19-2014,0.79787,61.717999,122.980003,116.869003,1100.400024,6.7358
11-20-2014,0.7974,61.938,122.970001,118.148003,1113.099976,6.8073
11-21-2014,0.79713,61.923,123.190002,118.236,1111.900024,6.76653
11-24-2014,0.80808,61.759998,123.900002,117.744003,1111.699951,6.79407
11-25-2014,0.8043,61.853001,123.800003,118.454002,1113.5,6.7963
11-26-2014,0.80124,61.84,123.419998,117.801003,1107.900024,6.7964
11-27-2014,0.79962,61.787998,123.279999,117.629997,1102.5,6.8304
11-28-2014,0.80244,61.853001,123.410004,117.839996,1099.099976,6.93112
12-01-2014,0.80397,62.202999,123.25,118.863998,1088.5,7.05424
12-02-2014,0.80192,61.948002,123.379997,118.307999,1108.599976,6.9413
12-03-2014,0.8072,61.787998,124.199997,119.194,1113.209961,7.02447
12-04-2014,0.81191,61.855999,124.339996,119.861,1114.699951,7.02518
12-05-2014,0.80732,61.783001,123.779999,119.811996,1110.140015,7.0571
12-08-2014,0.8134,61.910999,125.010002,121.560997,1119.599976,7.13694
12-09-2014,0.81201,61.818001,123.970001,120.650002,1111.400024,7.1682
12-10-2014,0.80678,61.873001,123.760002,119.342003,1102.599976,7.10356
12-11-2014,0.80167,62.002998,123.349998,117.709,1100.400024,7.14052
12-12-2014,0.80678,62.473,123.440002,119.007004,1100.800049,7.31103
12-15-2014,0.80234,62.518002,123.610001,118.165001,1103.099976,7.35744
12-16-2014,0.80363,63.167999,123.050003,117.740997,1097.900024,7.45272
12-17-2014,0.79923,63.653,124.239998,116.612999,1079.5,7.44347
12-18-2014,0.81044,63.518002,125.470001,118.795998,1098.900024,7.43425
12-19-2014,0.81364,62.983002,126.18,118.938004,1097.5,7.3741
12-22-2014,0.81793,63.240002,126.160004,119.497002,1099.300049,7.36538
12-23-2014,0.81808,63.223,126.209999,120.150002,1099.099976,7.42809
12-24-2014,0.82136,63.432999,126.160004,120.690002,1106.099976,7.4213
12-25-2014,0.81977,63.400002,126.160004,120.459,1103.199951,7.44322
12-26-2014,0.819,63.513,126.160004,120.370003,1102.099976,7.4351
12-29-2014,0.82173,63.59,126.480003,120.424004,1105.599976,7.46495
12-30-2014,0.82281,63.662998,126.860001,120.632004,1098.800049,7.44972
12-31-2014,0.82223,63.377998,126.599998,119.458,1095.300049,7.41632
01-01-2015,0.82654,63.028,126.860001,119.672997,1092.699951,7.4527
01-02-2015,0.82717,63.028,127.739998,119.870003,1093.599976,7.45578
01-05-2015,0.83707,63.278,128.869995,120.433998,1111,7.60364
01-06-2015,0.83759,63.338001,129.210007,119.425003,1108.5,7.6338
01-07-2015,0.84208,63.568001,129.699997,118.672997,1097.300049,7.74367
01-08-2015,0.84488,63.272999,130.360001,119.289001,1097.800049,7.6975
01-09-2015,0.84774,62.667999,129.940002,119.792,1094.300049,7.6199
01-12-2015,0.84241,62.348,130.100006,118.211998,1081.800049,7.64423
01-13-2015,0.8452,62.068001,130.070007,118.328003,1081.400024,7.7398
01-14-2015,0.84902,61.973,130.190002,117.794998,1077.099976,7.73657
01-15-2015,0.84847,62.088001,131.050003,117.389999,1082,7.6199
01-16-2015,0.8593,62.057999,131.460007,116.129997,1075.5,7.59952
01-19-2015,0.8646,61.862999,131.600006,117.559998,1078,7.5532
01-20-2015,0.86222,61.638,131.410004,117.711998,1079.099976,7.63762
01-21-2015,0.86603,61.647999,131.679993,118.649002,1086.699951,7.6825
01-22-2015,0.86093,61.553001,131.470001,117.860001,1081.900024,7.5747
01-23-2015,0.88131,61.598,134.639999,118.750999,1084.699951,7.65437
01-26-2015,0.89884,61.432999,134.589996,117.361,1084.5,7.7872
01-27-2015,0.88907,61.473,133.720001,118.519997,1079.300049,7.78544
01-28-2015,0.87971,61.403,132.630005,117.775002,1076.699951,7.7319
01-29-2015,0.88641,61.351002,133.320007,117.592003,1084.400024,7.8181
01-30-2015,0.88218,61.796001,132.619995,118.248001,1098.800049,7.8143
02-02-2015,0.88425,62.013,132.550003,117.183998,1099,7.71701
02-03-2015,0.8817,61.728001,132.309998,117.574997,1098.099976,7.64745
02-04-2015,0.8728,61.613998,131.020004,117.646004,1091.300049,7.53098
02-05-2015,0.88349,61.860001,131.039993,117.288002,1087.599976,7.6258
02-06-2015,0.87169,61.733002,130.899994,117.535004,1084.800049,7.51082
02-09-2015,0.88383,61.963001,131.910004,118.970001,1096.699951,7.6073
02-10-2015,0.88285,62.130001,132.389999,118.563004,1094.099976,7.59494
02-11-2015,0.88324,62.341999,132.110001,119.358002,1097.599976,7.5717
02-12-2015,0.88402,62.382,131.820007,120.169998,1105.699951,7.67222
02-13-2015,0.87689,62.169998,130.919998,118.916,1101.199951,7.63884
02-16-2015,0.87719,62.069,131.050003,118.57,1095.400024,7.5696
02-17-2015,0.8823,62.186001,131.369995,118.491997,1100.199951,7.57985
02-18-2015,0.87683,62.112,131.470001,119.208,1107.300049,7.5187
02-19-2015,0.87719,62.074001,131.179993,118.689003,1107.599976,7.5243
02-20-2015,0.87976,62.165001,131.979996,118.987999,1110.599976,7.58439
02-23-2015,0.87862,62.101002,132.179993,119.075996,1109.099976,7.53877
02-24-2015,0.88238,62.171001,132.289993,118.903,1107.699951,7.6199
02-25-2015,0.88191,62.233002,131.770004,118.891998,1111.300049,7.5833
02-26-2015,0.88,61.876999,131.369995,118.821999,1098.680054,7.53772
02-27-2015,0.89243,61.754002,132.619995,119.376999,1100.670044,7.65031
03-02-2015,0.8959,61.651001,132.889999,119.825996,1099.01001,7.67418
03-03-2015,0.89453,61.901001,133.380005,120.204002,1100.589966,7.6911
03-04-2015,0.89428,61.813,133.789993,119.637001,1094.959961,7.7009
03-05-2015,0.90236,62.305,134.639999,119.651001,1099.25,7.76809
03-06-2015,0.90645,62.443001,135.229996,120.044998,1099.890015,7.71927
03-09-2015,0.922,62.452999,136.179993,120.738998,1108.810059,7.8892
03-10-2015,0.92307,62.673,137.490005,121.407997,1113.5,7.94154
03-11-2015,0.93382,62.713001,139.339996,121.038002,1124.859985,8.08832
03-12-2015,0.94798,62.755001,138.860001,121.411003,1128.97998,8.20098
03-13-2015,0.94106,62.535,138.880005,121.318001,1123.02002,8.11232
03-16-2015,0.95405,63.076,139.470001,121.343002,1136.219971,8.2075
03-17-2015,0.94581,62.789001,138.389999,121.366997,1129,8.2612
03-18-2015,0.94357,62.616001,138.429993,121.279999,1127.160034,8.31096
03-19-2015,0.92166,62.693001,137.860001,120.064003,1109.890015,8.18762
03-20-2015,0.9373,62.483002,138.020004,120.762001,1119.300049,8.084
03-23-2015,0.92365,62.403,136.649994,120.027,1111.780029,8.02065
03-24-2015,0.91366,62.223,134.970001,119.75,1103.430054,7.8826
03-25-2015,0.91726,62.278,135.009995,119.791,1101.670044,7.87046
03-26-2015,0.91237,62.462002,134.410004,119.517998,1098.97998,7.84249
03-27-2015,0.91858,62.828999,136.300003,119.182999,1102.949951,7.9053
03-30-2015,0.9187,62.514999,135.889999,119.25,1101.72998,7.96902
03-31-2015,0.92334,62.508999,136.880005,120.013,1105.5,8.0077
04-01-2015,0.93126,62.306,136.779999,120.022003,1107.099976,8.06013
04-02-2015,0.92851,62.168999,136.880005,119.573997,1097.869995,8.01942
04-03-2015,0.9199,62.060001,136.880005,119.696999,1089.119995,7.99002
04-06-2015,0.90898,62.060001,136.880005,118.822998,1089.119995,7.91252
04-07-2015,0.91451,62.060001,135.740005,119.476997,1089.119995,7.93832
04-08-2015,0.92386,62.308998,135.490005,120.290001,1092.319946,8.0661
04-09-2015,0.92719,62.181999,136.580002,120.094002,1090.150024,8.05503
04-10-2015,0.93729,62.313999,138.270004,120.550003,1093.790039,8.0863
04-13-2015,0.94252,62.269001,138.809998,120.209,1091.939941,8.10748
04-14-2015,0.94581,62.390999,138.089996,120.058998,1099.890015,8.0828
04-15-2015,0.93922,62.313999,137.240005,119.457001,1090.300049,7.9529
04-16-2015,0.93661,62.389999,135.619995,119.142998,1093.619995,7.80982
04-17-2015,0.92975,62.326,134.860001,119.043999,1082.589966,7.75091
04-20-2015,0.92505,62.542999,136.210007,118.818001,1081.890015,7.8281
04-21-2015,0.93045,63.145,136.919998,119.195,1081.180054,7.87702
04-22-2015,0.93095,62.877998,135.690002,119.633003,1081.319946,7.87564
04-23-2015,0.93233,62.935001,136.919998,119.949997,1083,7.89599
04-24-2015,0.92464,63.286999,135.529999,119.570999,1080.02002,7.83785
04-27-2015,0.92005,63.654999,135.429993,118.927002,1074.380005,7.78138
04-28-2015,0.91929,63.139999,133.869995,119.125999,1067.810059,7.73142
04-29-2015,0.91165,63.033001,132.929993,118.822998,1062.849976,7.6476
04-30-2015,0.89974,63.442001,130.809998,118.970001,1068.969971,7.52324
05-01-2015,0.89169,63.522999,132.929993,119.452003,1075.060059,7.53827
05-04-2015,0.89398,63.522999,131.779999,120.136002,1075.060059,7.6039
05-05-2015,0.89693,63.592999,132.039993,120.099998,1078.75,7.58364
05-06-2015,0.89395,63.344002,130.800003,119.921997,1079.579956,7.57974
05-07-2015,0.88172,63.66,130.130005,119.397003,1078.670044,7.4277
05-08-2015,0.88913,64.082001,131.830002,119.709,1091.890015,7.46092
05-11-2015,0.89333,63.703999,132.339996,119.779999,1085.800049,7.48947
05-12-2015,0.89731,64.019997,131.339996,120.130997,1095.949951,7.56543
05-13-2015,0.89115,64.210999,131.619995,119.834999,1092.380005,7.47706
05-14-2015,0.88102,64.043999,131.339996,119.160004,1091.400024,7.38755
05-15-2015,0.87681,63.408001,131.339996,119.191002,1088.23999,7.3719
05-18-2015,0.87374,63.432999,129.190002,119.330002,1081.839966,7.3167
05-19-2015,0.88291,63.729,131.889999,119.900002,1088.23999,7.40063
05-20-2015,0.89713,63.785,133,120.652,1093.5,7.53276
05-21-2015,0.90084,63.625,132.289993,121.211998,1095.410034,7.5706
05-22-2015,0.89994,63.625999,131.960007,121.039001,1091.47998,7.55703
05-25-2015,0.90967,63.483002,132.289993,121.570999,1094.75,7.65182
05-26-2015,0.91148,63.570999,134.820007,121.599998,1095.75,7.6492
05-27-2015,0.91837,63.976002,135.539993,122.986,1105.869995,7.7479
05-28-2015,0.91743,63.874001,134.600006,123.739998,1107.420044,7.7768
05-29-2015,0.91238,63.825001,134.160004,123.82,1107,7.79161
06-01-2015,0.91258,63.736,134.649994,124.193001,1111.420044,7.78011
06-02-2015,0.9155,63.610001,133.580002,124.847,1113.800049,7.9573
06-03-2015,0.89686,63.661999,132.5,124.036003,1106.530029,7.8313
06-04-2015,0.88827,64.058998,130.520004,124.304001,1105.689941,7.76647
06-05-2015,0.89223,64.000999,131.929993,124.379997,1111.699951,7.7721
06-08-2015,0.90024,63.762001,133.009995,125.628998,1122.300049,7.96215
06-09-2015,0.88645,63.976002,132.169998,124.563004,1117.109985,7.81795
06-10-2015,0.88503,64.038002,131.75,124.338997,1119.079956,7.76589
06-11-2015,0.88402,63.799,132.210007,122.865997,1108.719971,7.7734
06-12-2015,0.88963,63.999001,132.800003,123.581001,1110.400024,7.85136
06-15-2015,0.89127,64.092003,132.419998,123.290001,1110.349976,7.76674
06-16-2015,0.88676,64.052002,131.850006,123.419998,1114.530029,7.75483
06-17-2015,0.88952,64.181999,132.419998,123.439003,1116.77002,7.76273
06-18-2015,0.87951,64.002998,130.440002,123.529999,1111.589966,7.6463
06-19-2015,0.87945,63.645,131.850006,123.001999,1103.25,7.7759
06-22-2015,0.87928,63.492001,130.490005,122.750999,1101.219971,7.725
06-23-2015,0.88113,63.507,131.539993,123.378998,1098.780029,7.73362
06-24-2015,0.89508,63.599998,131.809998,123.860001,1103.969971,7.822
06-25-2015,0.8923,63.562,131.679993,123.850998,1107.920044,7.83434
06-26-2015,0.89262,63.511002,131.419998,123.598,1109.939941,7.80756
06-29-2015,0.91116,63.444,132.220001,122.612,1120.900024,7.9254
06-30-2015,0.89103,63.723999,131.289993,122.669998,1118.219971,7.87123
07-01-2015,0.89807,63.59,132.070007,122.386002,1117.560059,7.85262
07-02-2015,0.90632,63.574001,132.419998,123.32,1122.930054,7.92804
07-03-2015,0.90196,63.369999,132.080002,123.058998,1120.949951,7.95491
07-06-2015,0.9095,63.403999,132.910004,122.406998,1120.949951,8.06502
07-07-2015,0.90506,63.365002,133.550003,122.611,1124.22998,8.083
07-08-2015,0.90827,63.518002,133.460007,122.489998,1132.930054,8.17126
07-09-2015,0.90326,63.562,133.509995,120.862,1134.439941,8.2266
07-10-2015,0.90391,63.363998,131.960007,121.699997,1131.030029,8.1228
07-13-2015,0.89855,63.352001,132.979996,122.496002,1129.040039,8.01237
07-14-2015,0.90988,63.514,133.630005,123.57,1134.819946,8.0906
07-15-2015,0.90843,63.324001,133.630005,123.32,1141.369995,8.1183
07-16-2015,0.91378,63.523998,135.119995,123.870003,1144.920044,8.15973
07-17-2015,0.91861,63.481998,135.130005,124.149002,1145.150024,8.16069
07-20-2015,0.92334,63.484001,135.559998,124.141998,1148.109985,8.17153
07-21-2015,0.9229,63.625,135.289993,124.293999,1154.550049,8.2191
07-22-2015,0.91408,63.583,134.449997,123.860001,1146.859985,8.1042
07-23-2015,0.91516,63.664001,134.119995,124.068001,1155.530029,8.15189
07-24-2015,0.91,63.848,134.479996,123.875999,1160.26001,8.16738
07-27-2015,0.91138,64.099998,133.380005,123.763,1168.199951,8.20673
07-28-2015,0.90171,64.217003,133.809998,123.239998,1165.030029,8.17093
07-29-2015,0.90367,63.839001,133.100006,123.575996,1159.52002,8.15599
07-30-2015,0.91041,63.882999,134.160004,123.940002,1160.069946,8.15128
07-31-2015,0.91414,64.117996,134.020004,124.070999,1170.77002,8.15701
08-03-2015,0.91166,63.98,134.160004,124.040001,1164.640015,8.1802
08-04-2015,0.91274,64.124001,133.649994,123.945,1168.699951,8.2422
08-05-2015,0.91836,63.819,134.880005,124.274002,1167.130005,8.28562
08-06-2015,0.91717,63.695999,134.320007,124.730003,1171.939941,8.25009
08-07-2015,0.91516,63.733002,134.089996,124.734001,1161.530029,8.26847
08-10-2015,0.91199,63.733002,134.009995,124.300003,1161.530029,8.26486
08-11-2015,0.90769,63.838001,133.039993,124.612999,1157.050049,8.1961
08-12-2015,0.90563,64.325996,131.949997,125.07,1177.280029,8.2697
08-13-2015,0.89598,64.799004,132.100006,124.254997,1173,8.14878
08-14-2015,0.89598,65.268997,131.289993,124.362999,1176.449951,8.2036
08-17-2015,0.90147,65.122002,131.949997,124.349998,1177.199951,8.2344
08-18-2015,0.90269,65.443001,132.449997,124.438004,1181.579956,8.2061
08-19-2015,0.90655,65.445999,132.619995,124.371002,1184.449951,8.27715
08-20-2015,0.89944,65.054001,131.320007,123.897003,1181.209961,8.2919
08-21-2015,0.88992,65.460999,130.039993,123.419998,1182.530029,8.23205
08-24-2015,0.87897,66.026001,128.110001,121.732002,1193.569946,8.21352
08-25-2015,0.86333,66.806999,128.25,118.884003,1189.579956,8.23201
08-26-2015,0.86573,66.282997,128.029999,118.540001,1189.160034,8.19769
08-27-2015,0.88183,66.056,129.179993,120.057999,1181.160034,8.35807
08-28-2015,0.88905,66.055,128.979996,121.002998,1171.98999,8.299771
08-31-2015,0.89174,66.142998,129.169998,121.289001,1177.599976,8.27436
09-01-2015,0.8908,66.349998,128.350006,121.088997,1180.949951,8.25827
09-02-2015,0.88547,66.422997,128.300003,119.714996,1177.280029,8.29593
09-03-2015,0.89158,66.225998,128.699997,120.580002,1182.160034,8.24362
09-04-2015,0.8988,66.160004,129.339996,120.056,1189.119995,8.26141
09-07-2015,0.8967,66.678001,129.130005,119.164001,1199.51001,8.304731
09-08-2015,0.89574,66.803001,128.839996,119.403,1201.189941,8.32397
09-09-2015,0.89227,66.405998,128.759995,120.088997,1193,8.22802
09-10-2015,0.89121,66.597,128.389999,120.278,1190.339966,8.21513
09-11-2015,0.88567,66.319,127.400002,120.619003,1180.599976,8.16617
09-14-2015,0.88152,66.234001,126.889999,120.795998,1180.550049,8.13264
09-15-2015,0.88436,66.315002,126.989998,120.360001,1182,8.18961
09-16-2015,0.88717,66.43,127.580002,120.433998,1176.810059,8.18417
09-17-2015,0.88558,66.195999,126.650002,120.523003,1169.199951,8.144261
09-18-2015,0.87712,66.122002,125.559998,120.045998,1164.890015,8.1076
09-21-2015,0.88558,65.861,127.010002,120.000999,1171.109985,8.163
09-22-2015,0.89358,65.738998,128.229996,120.498001,1176.47998,8.21823
09-23-2015,0.89922,65.875,128.229996,120.080002,1182.540039,8.29315
09-24-2015,0.89366,66.162003,127.989998,120.199997,1192.410034,8.27999
09-25-2015,0.89454,66.221001,128.100006,120.239998,1188.939941,8.47024
09-28-2015,0.89272,66.163002,127.790001,120.367996,1191.319946,8.50589
09-29-2015,0.89039,66.260002,127.25,119.839996,1193.810059,8.53794
09-30-2015,0.88842,65.919998,127.050003,119.860001,1194.160034,8.46617
10-01-2015,0.89509,65.527,127.379997,119.859001,1183.839966,8.5199
10-02-2015,0.89338,65.617996,127.199997,119.809998,1177.099976,8.43417
10-05-2015,0.89071,65.357002,126.190002,119.995003,1171.089966,8.3792
10-06-2015,0.89324,65.123001,126.559998,120.460999,1159.569946,8.4018
10-07-2015,0.88747,65.183998,125.889999,120.239998,1159.319946,8.279041
10-08-2015,0.88968,64.939003,125.540001,119.915001,1156.75,8.20191
10-09-2015,0.88598,64.995003,124.730003,119.929001,1150.900024,8.141421
10-12-2015,0.87951,64.772003,124.419998,120.179001,1146.01001,8.07386
10-13-2015,0.88063,64.781998,124.519997,120.011002,1142.209961,8.09642
10-14-2015,0.87835,65.084999,124.18,119.720001,1148.069946,8.1427
10-15-2015,0.87142,64.848999,123.790001,118.830002,1135.75,8.08112
10-16-2015,0.87965,64.783997,124.559998,119.050003,1121.040039,8.10018
10-19-2015,0.8802,64.695,124.889999,119.269997,1129.719971,8.11502
10-20-2015,0.88269,64.950996,124.470001,119.502998,1130.369995,8.12485
10-21-2015,0.88075,64.994003,125.040001,119.779999,1129.469971,8.12261
10-22-2015,0.88121,65.158997,125.580002,119.842003,1138.040039,8.1816
10-23-2015,0.90245,65.050003,127.57,120.860001,1128.670044,8.29611
10-26-2015,0.90741,64.885002,128.320007,121.295998,1134.01001,8.3935
10-27-2015,0.90367,64.901001,128.179993,120.948997,1128.73999,8.32364
10-28-2015,0.90604,65.067001,127.879997,120.476997,1134.02002,8.46346
10-29-2015,0.915,64.945999,128.949997,120.860001,1143.599976,8.5711
10-30-2015,0.9096,65.444,128.119995,121,1139.859985,8.55319
11-02-2015,0.90695,65.415001,127.879997,120.495003,1139.160034,8.46737
11-03-2015,0.90777,65.541,128.240005,120.788002,1136.619995,8.48813
11-04-2015,0.91208,65.530998,128.759995,121.095001,1127.800049,8.5026
11-05-2015,0.92013,65.584999,129.559998,121.489998,1133.160034,8.6475
11-06-2015,0.91878,65.860001,129.309998,121.669998,1136.359985,8.55111
11-09-2015,0.93167,66.133003,130.300003,123.199997,1150.780029,8.6533
11-10-2015,0.92941,66.468002,130.839996,123.077003,1157.109985,8.65068
11-11-2015,0.93131,66.193001,130.639999,123.084,1157.060059,8.60107
11-12-2015,0.92911,66.063004,130.889999,122.757004,1153.660034,8.60442
11-13-2015,0.92464,66.047997,130.639999,122.559998,1157.26001,8.665
11-16-2015,0.93458,66.051003,130.869995,122.363998,1168.339966,8.72306
11-17-2015,0.93563,65.897003,131.419998,123.265999,1167.089966,8.69968
11-18-2015,0.93951,66.037003,131.320007,123.445,1168.5,8.679
11-19-2015,0.93721,66.074997,131.380005,123.525002,1164.459961,8.65896
11-20-2015,0.9323,66.084999,131.429993,122.912003,1153.689941,8.6023
11-23-2015,0.93976,66.050003,132.210007,122.922997,1152.619995,8.63567
11-24-2015,0.93967,66.371002,131.949997,122.915001,1157.089966,8.64533
11-25-2015,0.93951,66.300003,132.360001,122.504997,1145,8.6415
11-26-2015,0.94118,66.382004,132.240005,122.68,1143.050049,8.64404
11-27-2015,0.943,66.557999,132.369995,122.634003,1146.859985,8.66222
11-30-2015,0.94491,66.900002,132.449997,122.830002,1154.829956,8.7043
12-01-2015,0.94581,66.508003,132.25,123.209999,1158.23999,8.68556
12-02-2015,0.9411,66.460999,132.259995,122.915001,1153.900024,8.62595
12-03-2015,0.94224,66.556999,132.509995,123.225998,1160.76001,8.64663
12-04-2015,0.91609,66.803001,129.679993,122.653,1152.27002,8.49953
12-07-2015,0.91878,66.636002,132.509995,123.190002,1161.640015,8.51987
12-08-2015,0.92302,66.767998,132.509995,123.279999,1174.410034,8.6636
12-09-2015,0.91794,66.833,128.910004,122.912003,1178.589966,8.75783
12-10-2015,0.90761,66.889999,128.979996,121.699997,1179.719971,8.67242
12-11-2015,0.9134,66.786003,128.850006,121.709999,1177.290039,8.64176
12-14-2015,0.91042,67.140999,128.669998,120.892998,1185.579956,8.68336
12-15-2015,0.90967,67.070999,128.110001,121.089996,1183.650024,8.6548
12-16-2015,0.91439,66.903,129.149994,121.675003,1172.73999,8.68771
12-17-2015,0.91958,66.428001,130.229996,122.462997,1170.050049,8.77549
12-18-2015,0.92216,66.459,130.479996,122.449997,1183.060059,8.75968
12-21-2015,0.91997,66.248001,130.089996,121.300003,1180.430054,8.74853
12-22-2015,0.91634,66.268997,129.320007,121.206001,1173.609985,8.7724
12-23-2015,0.91324,66.242996,129.309998,121.029999,1169.109985,8.7186
12-24-2015,0.91666,66.153999,129.320007,120.934998,1172.160034,8.71371
12-25-2015,0.91158,65.940002,129.320007,120.169998,1167.880005,8.70834
12-28-2015,0.91191,65.940002,128.820007,120.231003,1167.880005,8.65763
12-29-2015,0.91114,66.134003,128.860001,120.349998,1165.849976,8.6883
12-30-2015,0.91508,66.260002,129.130005,120.528999,1169.449951,8.69454
12-31-2015,0.91458,66.455002,129.279999,120.449997,1175.439941,8.78226
01-01-2016,0.92089,66.193001,129.130005,120.288002,1174.109985,8.85848
01-04-2016,0.92132,66.193001,129.300003,120.310997,1174.109985,8.82864
01-05-2016,0.92357,66.600998,130.850006,119.467003,1187.359985,8.87845
01-06-2016,0.93006,66.524002,131.350006,119.101997,1188.719971,8.90585
01-07-2016,0.92773,66.723999,130.229996,118.610001,1198.73999,8.94605
01-08-2016,0.91525,66.920998,129.910004,117.540001,1195.390015,8.88579
01-11-2016,0.91399,66.839996,129.270004,117.080002,1205.939941,8.87106
01-12-2016,0.92098,66.792999,130.020004,117.650002,1202.719971,8.9403
01-13-2016,0.92217,66.919998,130.440002,117.830002,1208.5,8.87499
01-14-2016,0.91861,66.935997,129.320007,117.425003,1210.329956,8.82006
01-15-2016,0.9209,67.304001,129.360001,118.203003,1206.439941,8.76278
01-18-2016,0.91575,67.766998,129.850006,116.989998,1212.810059,8.84935
01-19-2016,0.91785,67.710999,129.949997,117.384003,1208.839966,8.89397
01-20-2016,0.91634,67.766998,129.550003,117.565002,1205.75,8.81058
01-21-2016,0.91937,67.948997,130.699997,117.134003,1207.25,8.87748
01-22-2016,0.92064,67.807999,130.5,117.924004,1202.069946,8.78082
01-25-2016,0.92601,67.541,130.449997,118.571999,1195.569946,8.7346
01-26-2016,0.9214,67.740997,130.300003,118.227997,1197.359985,8.7577
01-27-2016,0.92039,67.769997,129.699997,118.379997,1196.780029,8.7051
01-28-2016,0.91676,68.195999,129.550003,118.467003,1206.680054,8.65288
01-29-2016,0.91433,68.093002,129.75,118.93,1205.630005,8.61465
02-01-2016,0.92371,67.870003,129.550003,121.339996,1206.109985,8.68545
02-02-2016,0.91766,67.882004,129.449997,120.839996,1200.959961,8.68045
02-03-2016,0.91558,67.986,129.039993,119.856003,1211.5,8.71968
02-04-2016,0.90163,67.927002,126.720001,118.120003,1199.699951,8.56361
02-05-2016,0.89286,67.564003,127.150002,116.865997,1190.849976,8.49611
02-08-2016,0.89726,67.802002,127.910004,116.949997,1204.349976,8.56177
02-09-2016,0.89367,68.075996,125.949997,115.667999,1202.670044,8.58316
02-10-2016,0.88574,67.928001,126.599998,115.191002,1197.150024,8.581
02-11-2016,0.88645,67.892998,126.099998,113.251999,1187.949951,8.5141
02-12-2016,0.88355,68.473999,126.410004,112.497002,1197.449951,8.5542
02-15-2016,0.89079,68.111,126.769997,113.669998,1205,8.59133
02-16-2016,0.89493,68.137001,126.849998,114.321999,1211.25,8.6095
02-17-2016,0.8971,68.505997,127.75,114.080002,1215.849976,8.6275
02-18-2016,0.89904,68.356003,128.179993,114.279999,1224.050049,8.54834
02-19-2016,0.90001,68.566002,128.160004,113.25,1227.400024,8.5894
02-22-2016,0.89896,68.538002,129.149994,112.488998,1231.869995,8.5641
02-23-2016,0.90678,68.573997,129.119995,112.971001,1220.949951,8.60696
02-24-2016,0.90686,68.602997,129.009995,111.879997,1229.949951,8.59978
02-25-2016,0.90794,68.375999,128.850006,112.100998,1231.400024,8.66628
02-26-2016,0.90703,68.796997,128.850006,113.117996,1232.349976,8.62322
02-29-2016,0.91542,68.730003,129.600006,113.660004,1241.130005,8.69111
03-01-2016,0.91836,68.218002,129.550003,112.43,1236.199951,8.68584
03-02-2016,0.91946,67.746002,129.600006,113.93,1225.150024,8.64021
03-03-2016,0.92005,67.388,129.149994,113.466003,1224.5,8.66124
03-04-2016,0.91333,67.142998,128.75,113.669998,1210.030029,8.5833
03-07-2016,0.90959,66.93,128.679993,113.803001,1196.5,8.49108
03-08-2016,0.90777,67.045998,128.309998,113.452003,1198.75,8.5037
03-09-2016,0.90876,67.357002,128.720001,112.660004,1208.180054,8.5656
03-10-2016,0.91,67.144997,128.169998,113.252998,1208.150024,8.52968
03-11-2016,0.89458,67.308998,126.349998,112.860001,1203.949951,8.50734
03-14-2016,0.89542,66.913002,125.949997,113.778,1185.900024,8.41045
03-15-2016,0.90074,67.174004,125.949997,113.830002,1185.75,8.46969
03-16-2016,0.90017,67.359001,126.300003,113.105003,1191.969971,8.55144
03-17-2016,0.89135,66.830002,124.5,112.751999,1175.849976,8.44769
03-18-2016,0.88355,66.612,124.25,111.349998,1152.75,8.31985
03-21-2016,0.8866,66.375999,124.529999,111.445,1162.300049,8.37698
03-22-2016,0.89,66.519997,124.889999,112.139,1159.099976,8.40609
03-23-2016,0.89103,66.764,125.300003,112.251999,1154.800049,8.3993
03-24-2016,0.89437,66.902,125.5,112.400002,1166.150024,8.47908
03-25-2016,0.89542,66.906998,125.470001,112.830002,1166.150024,8.48502
03-28-2016,0.89606,66.906998,125.349998,113.449997,1166.150024,8.48598
03-29-2016,0.89264,66.906998,125.190002,113.363998,1166.150024,8.42747
03-30-2016,0.88558,66.367996,123.75,112.68,1156.079956,8.3923
03-31-2016,0.88225,66.367996,123.150002,112.365997,1140.22998,8.30862
04-01-2016,0.87876,66.248001,122.75,112.480003,1140.800049,8.27297
04-04-2016,0.87796,66.358002,122.510002,111.722,1145.819946,8.30947
04-05-2016,0.87804,66.133003,122.550003,111.25,1148.630005,8.3315
04-06-2016,0.87858,66.468002,123.800003,110.377998,1158.5,8.3314
04-07-2016,0.87681,66.532997,123.449997,109.698997,1153.150024,8.31646
04-08-2016,0.8792,66.778999,123.699997,108.427002,1156.150024,8.32944
04-11-2016,0.87696,66.543999,122.699997,108.310997,1149.5,8.223581
04-12-2016,0.8762,66.290001,123,107.93,1140.5,8.19604
04-13-2016,0.87835,66.315002,123.910004,108.639999,1140.050049,8.1706
04-14-2016,0.8866,66.525002,123.599998,109.419998,1143.75,8.230231
04-15-2016,0.88731,66.637001,123.800003,109.316002,1151.599976,8.23162
04-18-2016,0.88496,66.653,123.449997,108.016998,1145.099976,8.3121
04-19-2016,0.88425,66.408997,123.300003,109.072998,1141.599976,8.21575
04-20-2016,0.88031,66.222,123.120003,109.239998,1125.849976,8.13253
04-21-2016,0.88456,66.204002,123.309998,109.837997,1130.099976,8.10725
04-22-2016,0.88558,66.512001,124.5,109.436996,1138.25,8.20037
04-25-2016,0.89015,66.653,124.300003,111.435997,1147.650024,8.2342
04-26-2016,0.88739,66.705002,123.709999,111.136002,1148.52002,8.20245
04-27-2016,0.88503,66.457001,123.5,111.230003,1144.880005,8.1583
04-28-2016,0.88269,66.355003,123.110001,111.519997,1146.099976,8.14626
04-29-2016,0.8806,66.438004,122.199997,108.075996,1134,8.134381
05-02-2016,0.87237,66.417999,121.589996,106.453003,1143,8.04947
05-03-2016,0.86768,66.371002,120.809998,106.396004,1135.5,8.02275
05-04-2016,0.86926,66.592003,121.550003,106.68,1149.97998,8.1149
05-05-2016,0.87009,66.620003,122.110001,106.919998,1164.75,8.15329
05-06-2016,0.87673,66.601997,121.699997,107.275002,1164.5,8.17173
05-09-2016,0.87812,66.594002,122.120003,107.360001,1167.339966,8.20558
05-10-2016,0.87812,66.721001,122.550003,108.331001,1173.050049,8.21041
05-11-2016,0.87917,66.666,122.449997,109.194,1169.329956,8.20123
05-12-2016,0.87512,66.591003,122.550003,108.415001,1162.900024,8.15333
05-13-2016,0.87897,66.750999,122.980003,109.099998,1167.400024,8.12567
05-16-2016,0.88363,66.900002,122.550003,108.661003,1174.900024,8.193811
05-17-2016,0.8837,66.875,123.339996,109.080002,1176.449951,8.161
05-18-2016,0.8837,66.867996,123.650002,108.949997,1173.329956,8.1832
05-19-2016,0.89103,67.160004,124.589996,110.139999,1186.849976,8.30764
05-20-2016,0.89238,67.476997,124.099998,109.880997,1185.449951,8.3488
05-23-2016,0.89113,67.422997,124.040001,110.050003,1188.459961,8.32359
05-24-2016,0.89158,67.447998,124.599998,109.374001,1181.550049,8.35545
05-25-2016,0.89783,67.651001,124.910004,110.169998,1185.550049,8.35552
05-26-2016,0.89614,67.304001,124.139999,110.111,1178.849976,8.31777
05-27-2016,0.89349,66.954002,124.550003,109.712997,1177.949951,8.27123
05-30-2016,0.90009,67.024002,124.870003,110.769997,1184.25,8.3401
05-31-2016,0.89699,67.133003,124.25,110.841003,1198.449951,8.32935
06-01-2016,0.89799,67.231003,123.849998,110.669998,1187.73999,8.370711
06-02-2016,0.89373,67.426003,123.800003,109.476997,1190.150024,8.3015
06-03-2016,0.8967,67.292,123.199997,108.860001,1184.300049,8.3307
06-06-2016,0.88098,66.991997,122.410004,106.721001,1161.589966,8.17648
06-07-2016,0.87997,66.801003,122.25,107.438004,1157.900024,8.17049
06-08-2016,0.88045,66.763,122.599998,107.253998,1154.5,8.12217
06-09-2016,0.87665,66.510002,122.110001,106.779999,1150.25,8.09082
06-10-2016,0.88378,66.740997,122.550003,107.089996,1156.199951,8.1538
06-13-2016,0.88968,66.945,112.949997,106.503998,1169.47998,8.27204
06-14-2016,0.88566,67.153999,123.199997,106.225998,1170.150024,8.27397
06-15-2016,0.89182,67.297997,123,106.086998,1173.390015,8.35005
06-16-2016,0.88789,67.072998,123.75,105.849998,1166.699951,8.30701
06-17-2016,0.88873,67.306999,123.050003,104.742996,1169.579956,8.36283
06-20-2016,0.88113,67.066002,122.010002,104.648003,1168.560059,8.28497
06-21-2016,0.88316,67.129997,122.199997,103.823997,1159.349976,8.275871
06-22-2016,0.88884,67.606003,122,104.669998,1151.599976,8.30637
06-23-2016,0.88275,67.421997,120.800003,104.650002,1149.900024,8.23861
06-24-2016,0.88308,67.241997,124.849998,104.896004,1141.26001,8.22096
06-27-2016,0.90613,67.876999,125.050003,102.126999,1170.609985,8.53362
06-28-2016,0.90785,67.920998,123.699997,101.811996,1177.650024,8.56586
06-29-2016,0.90302,67.705002,123.199997,102.700996,1165.380005,8.4697
06-30-2016,0.89863,67.416,122.599998,102.778,1152.150024,8.383041
07-01-2016,0.90041,67.500999,122.099998,103.072998,1151.25,8.35209
07-04-2016,0.89839,67.181999,122.349998,102.487999,1148,8.33387
07-05-2016,0.89718,67.237,122.150002,102.517998,1151.400024,8.29359
07-06-2016,0.90375,67.426003,122.699997,101.140999,1154.949951,8.41103
07-07-2016,0.90098,67.401001,122.199997,101.150002,1155.25,8.4335
07-08-2016,0.90369,67.497002,123,100.790001,1155.650024,8.49882
07-12-2016,0.90432,67.144997,121.75,102.524002,1148.069946,8.50202
07-14-2016,0.90131,67.005997,121.349998,104.075996,1142.650024,8.42224
07-15-2016,0.90041,66.837997,121,105.191002,1129.25,8.378431
07-18-2016,0.90472,67.133003,121.739998,105.459,1136.599976,8.46803
07-19-2016,0.90319,67.139,121.699997,106.146004,1133.050049,8.43416
07-20-2016,0.90797,67.206001,122.199997,106.137001,1139.199951,8.5084
07-21-2016,0.90748,67.164001,121.849998,107.204002,1140.949951,8.49805
07-22-2016,0.90638,67.153999,121.449997,105.810997,1136.050049,8.47788
07-25-2016,0.91154,67.146004,121.699997,106.325996,1134,8.55227
07-26-2016,0.90982,67.404999,121.25,105.578003,1141.530029,8.58325
07-27-2016,0.9101,67.283997,120.75,104.848999,1134.550049,8.57238
07-28-2016,0.90306,67.063004,120.68,104.950996,1129.050049,8.52908
07-29-2016,0.90217,67.007004,120.75,104.745003,1123.349976,8.55306
08-01-2016,0.89541,66.648003,120.75,102.332001,1109.949951,8.43983
08-02-2016,0.89541,66.750999,120.75,102.359001,1105.449951,8.49539
08-03-2016,0.89134,66.676003,120.699997,101.068001,1111.839966,8.432
08-04-2016,0.89674,66.760002,120.75,101.336998,1113.449951,8.45355
08-05-2016,0.89809,66.841003,120.779999,101.198997,1109.949951,8.41878
08-08-2016,0.90175,66.834999,119.550003,102.144997,1113.349976,8.50941
08-09-2016,0.90223,66.793999,119.400002,102.288002,1104.650024,8.46682
08-10-2016,0.89962,66.782997,119.400002,101.915001,1099.900024,8.4058
08-11-2016,0.89394,66.758003,118.269997,101.133003,1094.25,8.2594
08-12-2016,0.89774,66.739998,118.150002,101.807999,1095.949951,8.23731
08-15-2016,0.8955,66.899597,118,101.282997,1102.47998,8.2089
08-16-2016,0.89413,66.864899,116.800003,101.239998,1097.359985,8.21726
08-17-2016,0.88684,66.857697,116.849998,100.199997,1094.030029,8.19156
08-18-2016,0.88504,66.905502,116.449997,99.905998,1104.5,8.196511
08-19-2016,0.8811,66.82,116.110001,100.112,1106.959961,8.1529
08-22-2016,0.8851,67.127502,116.519997,100.554001,1117.390015,8.2409
08-23-2016,0.88345,67.187401,116.199997,100.250999,1122.569946,8.2068
08-24-2016,0.88489,67.129997,116.550003,100.310997,1119.390015,8.21046
08-25-2016,0.8878,67.160004,116.290001,100.552002,1119.790039,8.214
08-26-2016,0.8857,67.0056,116.150002,100.555,1114.130005,8.21992
08-29-2016,0.8929,67.128998,116.800003,101.919998,1121.75,8.2832
08-30-2016,0.89343,67.089996,116.650002,101.808998,1118.329956,8.2696
08-31-2016,0.8966,67.126602,116.209999,102.867996,1118.380005,8.339
09-01-2016,0.896,66.974701,115.879997,103.302002,1114.439941,8.33327
09-02-2016,0.8928,66.792999,115.489998,103.258003,1116.599976,8.32766
09-05-2016,0.8959,66.5728,115.440002,103.933998,1114.849976,8.30666
09-06-2016,0.8966,66.459999,115.5,103.510002,1103.430054,8.293
09-07-2016,0.8886,66.255203,114.25,101.525002,1094.589966,8.1763
09-08-2016,0.8896,66.471603,113.879997,101.829002,1088.800049,8.17873
09-09-2016,0.8872,66.449997,114.199997,102.306,1097.390015,8.182821
09-12-2016,0.88959,66.778,114.529999,102.438004,1103.599976,8.2458
09-13-2016,0.8894,66.723,114.349998,101.750999,1107.459961,8.22175
09-14-2016,0.89137,66.995003,114.459999,102.503998,1126.530029,8.2747
09-15-2016,0.8891,66.758102,114.199997,102.547997,1125.75,8.23387
09-16-2016,0.88921,66.850304,114.43,102.008003,1123.599976,8.23317
09-19-2016,0.89618,67.0653,114.830002,102.306999,1124.900024,8.31504
09-20-2016,0.8944,66.9552,114.800003,101.846001,1118.439941,8.28557
09-21-2016,0.89654,66.974998,114.519997,101.546997,1116.150024,8.298
09-22-2016,0.8934,66.7612,113.760002,100.392998,1104.369995,8.24842
09-23-2016,0.89205,66.622597,114.199997,100.831001,1101.98999,8.12819
09-26-2016,0.88974,66.696503,113.779999,100.889,1101.800049,8.10487
09-27-2016,0.8889,66.606499,113.730003,100.359001,1107.459961,8.1084
09-28-2016,0.8913,66.441299,113.900002,100.468002,1095.900024,8.10553
09-29-2016,0.89087,66.332802,113.800003,100.934998,1091.079956,8.02416
09-30-2016,0.8913,66.816299,114.139999,101.198997,1101.619995,8.05
10-03-2016,0.8901,66.546501,113.519997,101.563004,1102.150024,7.99442
10-04-2016,0.89203,66.380302,113.769997,101.817001,1103.23999,7.97598
10-05-2016,0.892,66.578003,113.5,102.879997,1115.359985,8.008681
10-06-2016,0.8922,66.563202,113.459999,103.459999,1113.180054,8.022741
10-07-2016,0.8973,66.687103,114.110001,103.764999,1114.890015,8.06053
10-10-2016,0.8931,66.591202,113.650002,103.017998,1115.849976,8.09454
10-11-2016,0.8976,66.4851,114.150002,103.696999,1106.619995,8.07994
10-12-2016,0.904,66.7985,114.32,103.342003,1123.680054,8.17562
10-13-2016,0.90811,66.8181,114.230003,104.304001,1123.810059,8.21762
10-14-2016,0.905,66.783997,113.910004,103.722,1128.119995,8.16032
10-17-2016,0.91176,66.705299,114,104.039001,1136.050049,8.23162
10-18-2016,0.9078,66.7836,113.910004,103.850998,1135.630005,8.1636
10-19-2016,0.911,66.737999,113.540001,103.864998,1124.619995,8.15784
10-20-2016,0.91115,66.636398,113.849998,103.390999,1119.609985,8.1313
10-21-2016,0.91488,66.841301,114.470001,104.109001,1130.22998,8.1832
10-24-2016,0.9189,66.911201,114.230003,103.917,1135.599976,8.25752
10-25-2016,0.9195,66.834,114.32,104.320999,1134.380005,8.25861
10-26-2016,0.9185,66.781303,113.629997,104.153999,1129.099976,8.28333
10-27-2016,0.91642,66.863998,113.43,104.563004,1137.329956,8.26775
10-28-2016,0.9174,66.903,113.389999,105.209,1146.52002,8.26927
10-31-2016,0.91036,66.781403,112.349998,104.565002,1146.699951,8.2588
11-01-2016,0.9113,66.665497,111.800003,104.82,1143.329956,8.26453
11-02-2016,0.9044,66.678497,110.75,104.092003,1145.469971,8.21695
11-03-2016,0.9011,66.777496,110.800003,103.377998,1145.170044,8.18892
11-04-2016,0.9007,66.684502,110.529999,103.052002,1143.420044,8.19033
11-07-2016,0.9008,66.785301,110.529999,104.195,1141.449951,8.15354
11-08-2016,0.9048,66.735001,110.800003,104.438004,1140.550049,8.23322
11-09-2016,0.90752,66.2295,109.830002,105.029999,1127.859985,8.21595
11-10-2016,0.9157,66.5075,111.699997,105.852997,1156.280029,8.31825
11-11-2016,0.9183,67.2145,111.860001,106.856003,1164.949951,8.3664
11-14-2016,0.9238,67.546799,112.559998,106.871002,1164.400024,8.42682
11-15-2016,0.9302,67.775497,112.160004,108.202003,1167.76001,8.46321
11-16-2016,0.9322,67.748001,112.82,109.038002,1166.689941,8.4353
11-17-2016,0.934,67.981499,112.349998,108.785004,1169.069946,8.46324
11-18-2016,0.94135,67.9748,113.099998,110.255997,1179.150024,8.54851
11-21-2016,0.9448,68.169998,112.980003,110.973,1180.75,8.5974
11-22-2016,0.93995,68.2155,112.809998,110.650002,1179.180054,8.53378
11-23-2016,0.9404,68.385498,112.830002,111.005997,1167.930054,8.51663
11-24-2016,0.9483,68.7985,113.040001,112.582001,1180.859985,8.621
11-25-2016,0.9468,68.745499,112.779999,113.292,1181.050049,8.5911
11-28-2016,0.9423,68.508499,112.25,112.652,1172.699951,8.57207
11-29-2016,0.9415,68.555496,112.199997,111.690002,1169.709961,8.541
11-30-2016,0.9391,68.608002,111.550003,112.470001,1167.859985,8.52703
12-01-2016,0.9441,68.587997,111.879997,114.694,1178.130005,8.52118
12-02-2016,0.93781,68.216499,111.150002,113.908997,1167.699951,8.40851
12-05-2016,0.945,68.011497,109.860001,113.504997,1169.599976,8.46655
12-06-2016,0.9296,68.012497,110.400002,113.862999,1166.98999,8.38025
12-07-2016,0.9328,67.722,110.199997,114.052002,1170.550049,8.39651
12-08-2016,0.9292,67.431503,111.209999,113.712997,1157.5,8.35351
12-09-2016,0.9415,67.405998,110.900002,114.074997,1162.25,8.4261
12-12-2016,0.9481,67.460503,111.400002,115.412003,1169.949951,8.47864
12-13-2016,0.9397,67.417999,111.150002,115.001999,1164.650024,8.4301
12-14-2016,0.9408,67.386497,111.900002,115.223999,1163.589966,8.42875
12-15-2016,0.9511,67.82,114,117.210999,1179.160034,8.59257
12-16-2016,0.9598,67.845001,113.349998,118.240997,1184.430054,8.6583
12-19-2016,0.95694,67.834999,113.849998,117.791,1186,8.6777
12-20-2016,0.961,67.840202,113.779999,117.037003,1186.949951,8.68182
12-21-2016,0.96242,67.897003,113.550003,117.875,1191.469971,8.70571
12-22-2016,0.9589,67.8255,113.400002,117.603996,1193.349976,8.6784
12-23-2016,0.95807,67.837997,113.150002,117.542,1205.099976,8.71128
12-26-2016,0.9565,67.830803,113.239998,117.309998,1199.550049,8.6911
12-27-2016,0.9563,67.772003,113.309998,117.192001,1199.550049,8.6841
12-28-2016,0.95581,67.968002,114.669998,117.480003,1206.47998,8.70412
12-29-2016,0.95997,68.205002,114,117.086998,1210.339966,8.71118
12-30-2016,0.9456,67.932999,112.660004,116.266998,1205.290039,8.58868
01-02-2017,0.94994,67.944801,112.970001,116.794998,1205.449951,8.6322
01-03-2017,0.95602,68.133904,114.019997,117.495003,1202.930054,8.65447
01-04-2017,0.9597,68.269798,112.919998,117.658997,1206.01001,8.64025
01-05-2017,0.9523,67.885498,112.43,117.112999,1194.47998,8.58194
01-06-2017,0.94287,67.733002,113.400002,115.264999,1180.630005,8.47981
01-09-2017,0.9495,68.142601,114.019997,117.150002,1201.099976,8.53534
01-10-2017,0.94441,68.097,114.75,115.985001,1202.52002,8.52792
01-11-2017,0.94765,68.318001,116.449997,115.872002,1200.599976,8.60012
01-12-2017,0.9436,68.139999,113.900002,115.098,1187.160034,8.5376
01-13-2017,0.9419,68.129501,113.650002,114.664001,1174.719971,8.52259
01-16-2017,0.94085,68.157799,114.220001,114.226997,1174.050049,8.50878
01-17-2017,0.94313,68.094597,112.650002,114.152,1182.170044,8.52822
01-18-2017,0.93486,67.899498,112.25,112.877998,1160.030029,8.45775
01-19-2017,0.94093,68.197998,113.080002,114.762001,1176.790039,8.4949
01-20-2017,0.93811,68.090302,113.07,114.980003,1173.75,8.44436
01-23-2017,0.93338,68.077202,112.43,113.809998,1173.300049,8.3895
01-24-2017,0.9293,68.051399,114.779999,112.779999,1162.650024,8.35035
01-25-2017,0.93208,68.164497,115.160004,113.839996,1168.030029,8.35153
01-26-2017,0.93006,67.973,115.68,113.292999,1161.26001,8.3067
01-27-2017,0.93607,68.149002,116.309998,114.455002,1170.670044,8.3376
01-30-2017,0.93336,68.110001,115.849998,114.667999,1177.599976,8.32543
01-31-2017,0.93383,67.820999,115.669998,113.650002,1169.209961,8.3044
02-01-2017,0.9256,67.501602,114.849998,112.742996,1149.25,8.244021
02-02-2017,0.92873,67.395401,112.949997,113.310997,1151.949951,8.232
02-03-2017,0.92922,67.265602,113.199997,112.789001,1142.699951,8.24913
02-06-2017,0.92739,67.157303,112.75,112.639,1137.76001,8.20612
02-07-2017,0.93082,67.195297,113.629997,111.827003,1132.709961,8.2572
02-08-2017,0.9365,67.3405,112.870003,112.387001,1142.099976,8.32375
02-09-2017,0.93526,66.964302,113.050003,111.952003,1144.619995,8.31862
02-10-2017,0.93821,66.7453,112.910004,113.433998,1149.910034,8.3324
02-13-2017,0.94166,66.843697,112.650002,113.914001,1145.180054,8.3943
02-14-2017,0.94353,66.915398,112.419998,113.705002,1148.699951,8.3893
02-15-2017,0.94533,66.775902,111.199997,114.301003,1137.959961,8.3974
02-16-2017,0.94274,66.865501,109.900002,114.112,1133.099976,8.33629
02-17-2017,0.93701,67.164803,110.25,113.305,1141.079956,8.283
02-20-2017,0.94103,67.065201,110.059998,112.911003,1149.599976,8.33955
02-21-2017,0.94256,66.964996,110.199997,113.279999,1143.959961,8.3393
02-22-2017,0.94858,66.965103,109.349998,113.668999,1141.180054,8.3503
02-23-2017,0.9475,66.914299,109.32,113.417,1137.949951,8.3697
02-24-2017,0.94478,66.6828,108.550003,112.681999,1131.810059,8.3358
02-27-2017,0.94762,66.635002,107.080002,112.188004,1130.449951,8.382
02-28-2017,0.9448,66.693199,106.480003,112.745003,1133.939941,8.37152
03-01-2017,0.94615,66.705101,106.300003,113.077003,1136.790039,8.39662
03-02-2017,0.94914,66.858002,107.400002,114.121002,1139.569946,8.4223
03-03-2017,0.9515,66.8451,106.279999,114.342003,1149.900024,8.48157
03-06-2017,0.94158,66.773003,106.5,113.847,1151.969971,8.42289
03-07-2017,0.94525,66.664703,109.07,113.917,1154.25,8.4926
03-08-2017,0.94606,66.616203,108.839996,113.926003,1149.410034,8.44974
03-09-2017,0.9481,66.764999,108.5,114.411003,1153.619995,8.5331
03-10-2017,0.94532,66.680496,107.400002,115.149002,1159.280029,8.58879
03-13-2017,0.93545,66.485001,110.580002,114.732002,1145.959961,8.5933
03-14-2017,0.93884,66.170097,110.379997,114.915001,1147.550049,8.5648
03-15-2017,0.94229,65.775101,108.419998,114.658997,1148.219971,8.60922
03-16-2017,0.93128,65.620499,108.360001,113.402,1127.400024,8.49828
03-17-2017,0.9281,65.404503,108.150002,113.339996,1127.01001,8.5003
03-20-2017,0.93084,65.468102,109.089996,112.674004,1126.650024,8.4604
03-21-2017,0.9313,65.335297,109.07,112.572998,1113.75,8.48009
03-22-2017,0.92486,65.495003,110.349998,111.531998,1122.780029,8.46702
03-23-2017,0.92677,65.364998,110.889999,111.369003,1116.410034,8.46305
03-24-2017,0.92731,65.444397,110.18,111.003998,1121.22998,8.48713
03-27-2017,0.9217,65.393097,109.459999,110.552002,1116.140015,8.45719
03-28-2017,0.92073,65.044998,110.440002,110.771004,1111.099976,8.48855
03-29-2017,0.92441,65.110001,111.099998,111.225998,1115.5,8.5195
03-30-2017,0.9294,64.779999,112.739998,111.153999,1109.949951,8.5038
03-31-2017,0.93571,64.790001,113.120003,111.776001,1117.02002,8.56049
04-03-2017,0.93731,64.7967,113.440002,111.264999,1115.160034,8.58159
04-04-2017,0.9372,64.877502,111.400002,110.709,1116.22998,8.5781
04-05-2017,0.9363,65.050003,112.099998,110.853996,1124.099976,8.59232
04-06-2017,0.93699,65.040001,112.389999,110.380997,1127.099976,8.60216
04-07-2017,0.93944,64.580002,112.160004,110.897003,1130,8.62099
04-10-2017,0.945,64.260002,112.220001,111.224998,1136,8.66152
04-11-2017,0.94361,64.574997,111.470001,110.717003,1142.030029,8.61862
04-12-2017,0.94239,64.629997,110.510002,109.586998,1144.589966,8.59392
04-13-2017,0.93715,64.5,111.099998,108.902,1133.430054,8.54094
04-14-2017,0.94194,64.449997,111.080002,109.100998,1135,8.5773
04-17-2017,0.94246,64.453697,110.790001,108.322998,1135.359985,8.58599
04-18-2017,0.93945,64.408302,109.830002,109.112,1131.800049,8.55629
04-19-2017,0.93208,64.57,109.760002,108.535004,1141.680054,8.50691
04-20-2017,0.93327,64.646698,109.879997,108.834,1141.890015,8.57575
04-21-2017,0.93328,64.660004,108.949997,109.375,1137.109985,8.62279
04-24-2017,0.91963,64.639999,107.160004,109.977997,1133.709961,8.52507
04-25-2017,0.9204,64.389999,106.129997,109.640999,1133.839966,8.5556
04-26-2017,0.91506,64.349998,106.040001,111.045998,1125.469971,8.5682
04-27-2017,0.91668,64.019997,106.519997,111.191002,1131.800049,8.57903
04-28-2017,0.92045,64.059998,105.940002,111.225998,1129.939941,8.56589
05-01-2017,0.9168,64.258301,105.809998,111.302002,1135.640015,8.56577
05-02-2017,0.91668,64.18,105.639999,111.811996,1136.26001,8.58141
05-03-2017,0.91444,64.07,106.18,111.969002,1127.76001,8.5855
05-04-2017,0.91836,64.209999,105.57,112.782997,1132.910034,8.65424
05-05-2017,0.91062,64.169998,105.279999,112.537003,1134.939941,8.67836
05-08-2017,0.91198,64.307999,105.779999,112.683998,1133.719971,8.60959
05-09-2017,0.9151,64.411797,105.800003,113.230003,1132.650024,8.63502
05-10-2017,0.91854,64.639999,105.800003,113.697998,1137.859985,8.67803
05-11-2017,0.9199,64.550003,105,114.328003,1130.040039,8.63235
05-12-2017,0.92039,64.360001,103.93,113.808998,1123.160034,8.59958
05-15-2017,0.91514,64.165497,102.940002,113.271004,1123.099976,8.56483
05-16-2017,0.9106,64.0383,101.790001,113.641998,1117.430054,8.54385
05-17-2017,0.90139,63.900002,100.889999,112.646004,1115,8.4635
05-18-2017,0.89635,64.230003,101.050003,111.125999,1120.949951,8.4095
05-19-2017,0.8998,64.871101,99.760002,111.401001,1128.410034,8.4743
05-22-2017,0.89247,64.448502,99.339996,111.283997,1117.01001,8.37607
05-23-2017,0.88977,64.500198,100.160004,110.890999,1114.780029,8.34682
05-24-2017,0.89451,64.885201,100.099998,111.957001,1124.569946,8.3777
05-25-2017,0.8904,64.760101,100.279999,111.524002,1118.380005,8.331391
05-26-2017,0.892,64.545403,99.879997,111.730003,1119.560059,8.3968
05-29-2017,0.89477,64.513199,99.949997,111.255997,1118.75,8.3876
05-30-2017,0.89855,64.508598,99.730003,111.174004,1122.839966,8.43752
05-31-2017,0.89512,64.618599,98.68,110.838997,1123.900024,8.4493
06-01-2017,0.8894,64.500099,98.330002,110.795998,1119.02002,8.43583
06-02-2017,0.8916,64.372299,97.269997,111.436996,1121.040039,8.45216
06-05-2017,0.88646,64.404999,97.419998,110.462997,1117.449951,8.4234
06-06-2017,0.88835,64.344002,97.610001,110.380997,1116.949951,8.4424
06-07-2017,0.8872,64.420502,98.550003,109.509003,1117.459961,8.45959
06-08-2017,0.88848,64.418297,98.769997,109.900002,1123.140015,8.49755
06-09-2017,0.89407,64.243896,98.5,109.859001,1121.51001,8.51384
06-12-2017,0.8927,64.376999,99.470001,110.288002,1124.099976,8.4986
06-13-2017,0.89316,64.469101,99.629997,109.920998,1130.48999,8.47417
06-14-2017,0.89215,64.357498,100.209999,110.055,1126.550049,8.43455
06-15-2017,0.8916,64.165802,100.809998,109.445999,1118.900024,8.42736
06-16-2017,0.89711,64.559998,100.620003,110.952003,1129.939941,8.5004
06-19-2017,0.8922,64.394997,102.529999,110.954002,1131.140015,8.4434
06-20-2017,0.8973,64.487602,103.410004,111.672997,1135.72998,8.5076
06-21-2017,0.89791,64.530502,104.839996,111.334,1140.849976,8.5452
06-22-2017,0.89548,64.541603,103.919998,111.309998,1142.5,8.5273
06-23-2017,0.89689,64.591003,103.160004,111.290001,1139.050049,8.4885
06-26-2017,0.89295,64.498001,104.139999,111.238998,1133.449951,8.44151
06-27-2017,0.89417,64.421303,103.25,111.858002,1133.079956,8.48371
06-28-2017,0.8819,64.524803,103.279999,112.188004,1139.959961,8.4175
06-29-2017,0.87853,64.511902,101.970001,112.353996,1137.699951,8.4257
06-30-2017,0.874,64.785103,101.57,112.009003,1146.140015,8.3751
07-03-2017,0.87542,64.606796,102.07,112.262001,1144.810059,8.339
07-04-2017,0.8794,64.842697,102.610001,113.386002,1149.579956,8.34964
07-05-2017,0.88027,64.768898,103.779999,112.961998,1149.199951,8.3396
07-06-2017,0.8813,64.791397,103.690002,113.186996,1152.849976,8.39644
07-07-2017,0.87529,64.713303,103.989998,113.149002,1156.369995,8.3514
07-10-2017,0.8769,64.611702,105.089996,113.985001,1153.810059,8.35399
07-11-2017,null,null,107.610001,null,null,null
07-12-2017,0.87154,64.525597,105.5,113.748001,1147.969971,8.27403
07-13-2017,0.87574,64.364998,104.919998,113.334999,1137.119995,8.279041
07-14-2017,0.87689,64.425797,103.300003,113.417999,1136.630005,8.2516
07-17-2017,0.87143,64.267303,103.279999,112.397003,1127.51001,8.18094
07-18-2017,0.87151,64.330002,105.510002,112.581001,1127.660034,8.15928
07-19-2017,0.86582,64.306297,105.360001,111.995003,1124.27002,8.08575
07-20-2017,0.86742,64.263298,105.220001,111.876999,1123.5,8.04943
07-21-2017,0.85994,64.324997,104.459999,111.885002,1120.560059,8.0435
07-24-2017,0.85604,64.461098,105.470001,110.945,1116.109985,8.0287
07-25-2017,0.85919,64.365097,105.760002,111.232002,1113.900024,8.0127
07-26-2017,0.85877,64.446999,103.470001,112.002998,1119.23999,7.97378
07-27-2017,0.85266,64.344704,103.830002,111.127998,1111.849976,7.89408
07-28-2017,0.85553,64.184998,102.760002,111.097,1115.51001,7.94635
07-31-2017,0.85126,64.123497,102.989998,110.510002,1124.050049,7.915
08-01-2017,0.84573,64.189499,103.919998,110.359001,1118.72998,7.87867
08-02-2017,0.84665,64.055801,103.989998,110.431999,1120.369995,7.92134
08-03-2017,0.8438,63.640598,103.889999,110.757004,1122.099976,7.89885
08-04-2017,0.8414,63.696999,104.849998,109.900002,1127.25,7.8947
08-07-2017,0.84901,63.6651,104.599998,110.786003,1127.199951,7.94298
08-08-2017,0.84739,63.830101,104.849998,110.75,1125.349976,7.91959
08-09-2017,0.85073,63.7029,105.68,110.101997,1126.069946,7.95315
08-10-2017,0.85023,63.887699,105.440002,110.049004,1138.22998,7.94719
08-11-2017,0.8496,64.138603,106.239998,109.106003,1143.52002,7.9497
08-14-2017,0.84563,64.081001,107.169998,109.230003,1141.459961,7.92752
08-15-2017,0.8492,64.174301,108.510002,109.931999,1138.920044,7.9561
08-16-2017,0.8517,64.263,108.550003,110.596001,1135.180054,7.9497
08-17-2017,0.84931,64.1605,106.980003,109.999001,1134.800049,7.9193
08-18-2017,0.85357,64.188904,105.540001,109.328003,1140.47998,7.9767
08-21-2017,0.85061,64.075897,105.110001,109.32,1139.060059,7.91402
08-22-2017,0.8466,64.157501,105.889999,108.944,1137.930054,7.90152
08-23-2017,0.85018,64.057503,106.839996,109.731003,1131.160034,7.9088
08-24-2017,0.84627,64.004997,107.169998,108.910004,1125.449951,7.86061
08-25-2017,0.8473,64.035004,104.800003,109.514,1127.280029,7.84251
08-28-2017,0.83669,63.995499,104.529999,109.346001,1120.800049,7.7326
08-29-2017,0.83585,63.789299,104.760002,108.737,1118.01001,7.77536
08-30-2017,0.83539,63.986801,105.43,109.790001,1124.140015,7.75459
08-31-2017,0.8408,63.9762,104.230003,110.459999,1123.329956,7.802
09-01-2017,0.8396,63.9119,104.830002,110.128998,1123.540039,7.75447
09-04-2017,0.84155,64.015503,104.709999,109.794998,1118.949951,7.7861
09-05-2017,0.8408,64.026299,105.540001,109.809998,1132.130005,7.81305
09-06-2017,0.83864,64.099998,105.93,108.601997,1131.650024,7.7684
09-07-2017,0.83838,64.015404,105.699997,109.134003,1131.52002,7.79472
09-08-2017,0.83132,63.9501,105.559998,108.269997,1127.030029,7.729
09-11-2017,0.83211,63.931,106.230003,108.231003,1132.869995,7.7493
09-12-2017,0.83616,63.98,105.949997,109.394997,1129.430054,7.8332
09-13-2017,0.8351,63.987598,106.629997,110.225998,1127.599976,7.8329
09-14-2017,0.841,64.115097,104.900002,110.514999,1130.130005,7.8782
09-15-2017,0.83881,64.154999,106.18,109.918999,1133.180054,7.87276
09-18-2017,0.83772,64.120201,105.82,111.196999,1133.300049,7.85629
09-19-2017,0.83617,64.214699,105.769997,111.496002,1128.819946,7.8242
09-20-2017,0.83385,64.298698,107.760002,111.578003,1130.359985,7.80239
09-21-2017,0.84231,64.283699,107.150002,112.545998,1131.180054,7.87477
09-22-2017,0.83713,64.802299,107.220001,112.452003,1130.349976,7.79643
09-25-2017,0.83842,64.890999,107.370003,112.444,1132.109985,7.8152
09-26-2017,0.84348,65.265099,107.480003,111.761002,1133.819946,7.8159
09-27-2017,0.84846,65.349998,106.779999,112.376999,1136.719971,7.89611
09-28-2017,0.85109,65.525002,105.43,112.860001,1145.280029,7.9477
09-29-2017,0.84877,65.360001,105.800003,112.467003,1145.939941,7.9403
10-02-2017,0.84693,65.293297,106.190002,112.638,1144.660034,7.96539
10-03-2017,0.85224,65.571701,105.559998,112.769997,1142.300049,8.00358
10-04-2017,0.85124,65.4431,106.07,112.848,1141.969971,7.97573
10-05-2017,0.85054,65.019501,104.980003,112.822998,1142.300049,7.956
10-06-2017,0.8538,65.209999,105.190002,112.774002,1141.97998,8.0047
10-09-2017,0.85161,65.4142,105.309998,112.551003,1143.699951,7.9875
10-10-2017,0.85167,65.414597,104.699997,112.657997,1142.819946,7.9804
10-11-2017,0.84639,65.238899,104.419998,112.345001,1133.859985,7.9447
10-12-2017,0.84278,65.205399,104.730003,112.433998,1131.48999,7.91364
10-13-2017,0.84518,65.045998,104.809998,112.238998,1132.060059,7.9044
10-16-2017,0.84645,64.672997,105.050003,111.882004,1126.300049,7.88902
10-17-2017,0.84785,64.694603,105.080002,112.195,1127.079956,7.8969
10-18-2017,0.84948,64.928703,105.18,112.212997,1129.939941,7.9349
10-19-2017,0.8478,65.0401,104.739998,113.013,1131.400024,7.95352
10-20-2017,0.84402,64.904602,105.160004,112.68,1127.890015,7.9271
10-23-2017,0.8508,65.104103,105.230003,114.047997,1133.76001,7.99713
10-24-2017,0.8504,65.034897,105.410004,113.339996,1129.02002,7.99983
10-25-2017,0.85041,65.079498,104.900002,113.945999,1129.72998,8.007
10-26-2017,0.84597,64.839996,106.220001,113.557999,1126.469971,8.01011
10-27-2017,0.85931,64.599998,105.190002,114.124001,1128.48999,8.18335
10-30-2017,0.86173,64.873398,104.449997,113.738998,1125.459961,8.15991
10-31-2017,0.85817,64.8424,105.139999,112.996002,1123.449951,8.14919
11-01-2017,0.85824,64.670097,106,113.650002,1117.72998,8.16395
11-02-2017,0.85994,64.555099,105.760002,114.152,1109.949951,8.1411
11-03-2017,0.8575,64.500504,106.010002,114.015999,1111.709961,8.1317
11-06-2017,0.86096,64.693398,105.5,114.178001,1114.800049,8.16451
11-07-2017,0.86113,64.590897,105.519997,113.771004,1113.75,8.1303
11-08-2017,0.86199,65.164497,104.25,113.761002,1112.52002,8.1582
11-09-2017,0.8623,64.9105,103.580002,113.927002,1113.109985,8.1584
11-10-2017,0.8586,64.968002,103.400002,113.375,1116.849976,8.12745
11-13-2017,0.85755,65.160301,103.43,113.685997,1118.310059,8.13675
11-14-2017,0.85727,65.4384,103.160004,113.584999,1119.459961,8.1702
11-15-2017,0.84797,65.413399,103.169998,113.402,1115.77002,8.18241
11-16-2017,null,null,103.209999,null,null,null
11-17-2017,0.84908,65.209999,103,113.028,1096.390015,8.20674
11-20-2017,0.85238,64.904999,103.389999,112.038002,1092.560059,8.26755
11-21-2017,0.8517,65.025002,103.400002,112.551003,1096,8.2904
11-22-2017,0.85199,64.761299,103.720001,112.341003,1091.26001,8.21568
11-23-2017,0.8464,64.769997,103.239998,111.313004,1085.310059,8.15549
11-24-2017,0.8436,64.579399,102.540001,111.253998,1082.589966,8.1325
11-27-2017,0.83847,64.544998,102.769997,111.670998,1084.949951,8.1345
11-28-2017,0.83999,64.433899,103.599998,111.169998,1090.060059,8.1465
11-29-2017,0.84402,64.470001,103.150002,111.648003,1083.449951,8.2388
11-30-2017,0.84374,64.414803,102.919998,112.001999,1080.660034,8.250281
12-01-2017,0.84046,64.499397,102.949997,112.556,1087.22998,8.31917
12-04-2017,0.84318,64.509003,103.18,112.863998,1082.51001,8.30449
12-05-2017,0.84262,64.351402,103.32,112.499001,1085.22998,8.32008
12-06-2017,0.8451,64.356903,104.239998,112.463997,1085.22998,8.2603
12-07-2017,0.84715,64.515198,104.360001,112.291,1092.569946,8.26574
12-08-2017,0.84946,64.542397,104.25,113.172997,1092.439941,8.31579
12-11-2017,0.84962,64.473,104.489998,113.542999,1091.819946,8.2972
12-12-2017,0.84907,64.349998,104.800003,113.540001,1087.829956,8.37725
12-13-2017,0.8516,64.550003,103.629997,113.544998,1091.26001,8.33979
12-14-2017,0.84489,64.32,105,112.781998,1084.180054,8.31769
12-15-2017,0.84926,64.275002,105.080002,112.396004,1087.819946,8.29662
12-18-2017,0.85153,64.072304,105.529999,112.716003,1089.030029,8.3943
12-19-2017,0.84859,64.200104,105.349998,112.568001,1085.380005,8.3564
12-20-2017,0.8445,64.0476,104.980003,112.983002,1084.199951,8.3536
12-21-2017,0.84188,63.965,105.68,113.240997,1079.959961,8.40517
12-22-2017,0.84336,64.009697,105.68,113.322998,1080.209961,8.369331
12-25-2017,0.84345,64.007797,105.550003,113.307999,1077.109985,8.3208
12-26-2017,0.84228,64.010498,105.68,113.303001,1076.359985,8.3137
12-27-2017,0.84332,64.028198,105.120003,113.203003,1075.040039,8.308521
12-28-2017,0.84028,64.114998,104.440002,113.217003,1073.550049,8.26208
12-29-2017,0.8374,64.061996,103.239998,112.875,1069.48999,8.24843
01-01-2018,0.83299,63.840801,103.150002,112.666,1066.069946,8.2046
01-02-2018,0.83253,63.867599,103.330002,112.769997,1065.219971,8.19447
01-03-2018,0.82895,63.459999,103.989998,112.244003,1062.540039,8.11994
01-04-2018,0.83261,63.419102,103.57,112.607002,1063.939941,8.1049
01-05-2018,0.82858,63.369598,103.5,112.782997,1061.079956,8.06593
01-08-2018,0.83074,63.264999,104.25,113.153999,1060.5,8.042031
01-09-2018,0.83539,63.452,104.779999,113.140999,1067.689941,8.07364
01-10-2018,0.83827,63.636101,104.379997,112.754997,1071.73999,8.11244
01-11-2018,0.83639,63.759998,103.800003,111.444,1069.670044,8.06801
01-12-2018,0.83042,63.6721,102.699997,111.293999,1065.140015,8.00696
01-15-2018,0.82019,63.588501,102.190002,111.099998,1055.800049,7.92597
01-16-2018,0.8151,63.521198,102.190002,110.581001,1061.819946,7.8774
01-17-2018,0.81491,63.994301,103.190002,110.388,1062.459961,7.8665
01-18-2018,0.82075,63.825001,102.43,111.375999,1066.560059,7.88202
01-19-2018,0.81722,63.867599,102.650002,111.026001,1069.689941,7.8431
01-22-2018,0.81596,63.8321,102.589996,110.683998,1066.359985,7.8486
01-23-2018,0.81591,63.8801,101.970001,110.966003,1068.810059,7.856
01-24-2018,0.81233,63.7505,101.309998,110.107002,1072.76001,7.81833
01-25-2018,0.80703,63.5779,100.959999,109.325996,1064.400024,7.75975
01-26-2018,0.80695,63.573101,100.199997,109.704002,1064.890015,7.746
01-29-2018,0.80463,63.57,100.510002,108.639,1063.130005,7.68536
01-30-2018,0.80768,63.669399,100.43,108.926003,1069.790039,7.709
01-31-2018,0.80583,63.769901,100.199997,108.732002,1072.540039,7.7183
02-01-2018,0.80524,63.665001,99.459999,109.200996,1069.02002,7.7059
02-02-2018,0.79936,63.974998,100.18,109.405998,1071.180054,7.64085
02-05-2018,0.80341,64.1325,100.760002,110.035004,1090.01001,7.73477
02-06-2018,0.80855,64.314697,100.660004,109.095001,1093.300049,7.84011
02-07-2018,0.80767,63.98,101.760002,109.626999,1079.26001,7.81121
02-08-2018,0.81512,64.199997,101.959999,109.195999,1089.420044,7.90303
02-09-2018,0.81561,64.440498,102.050003,108.528999,1095.859985,7.91408
02-12-2018,0.81614,64.211304,101.629997,108.800003,1083.170044,7.9735
02-13-2018,0.81276,64.283501,101.209999,108.690002,1082.609985,7.90724
02-14-2018,0.80947,64.250099,100.129997,107.764,1083.77002,7.86798
02-15-2018,0.8021,64.0252,99.839996,106.586998,1070.01001,7.78199
02-16-2018,0.79977,63.8909,100.139999,106.111,1063.069946,7.76521
02-19-2018,0.80568,64.379997,100.129997,106.261002,1065.630005,7.77139
02-20-2018,0.80654,64.504997,100.309998,106.709,1066.709961,7.78243
02-21-2018,0.81068,64.864998,100.589996,107.380997,1072.540039,7.84202
02-22-2018,0.81421,64.894997,100.220001,107.555,1074.859985,7.86498
02-23-2018,0.81125,64.951401,100.25,106.814003,1080.079956,7.85298
02-26-2018,0.81386,64.703003,100.160004,107.073997,1075,7.85077
02-27-2018,0.81198,64.780403,100.690002,107.069,1069.699951,7.8207
02-28-2018,0.81764,64.910004,101.169998,107.426003,1079.390015,7.87
03-01-2018,0.82026,65.239998,100.519997,106.639999,1085.349976,7.89822
03-02-2018,0.81494,65.150002,100.290001,106.163002,1081.949951,7.83994
03-05-2018,0.81199,65.186699,99.980003,105.556,1079.209961,7.78431
03-06-2018,0.8106,65.0037,99.510002,106.25,1076.660034,7.8157
03-07-2018,0.80537,64.889999,99.349998,105.537003,1063.160034,7.77656
03-08-2018,0.8055,64.891197,99.730003,106.185997,1066.150024,7.80995
03-09-2018,0.81257,65.090401,99.730003,106.405998,1073.459961,7.8396
03-12-2018,0.81243,64.964897,99.459999,106.890999,1064.050049,7.7766
03-13-2018,0.8104,64.945503,98.879997,106.260002,1063.859985,7.743
03-14-2018,0.80695,64.828102,99.169998,106.508003,1066.400024,7.7335
03-15-2018,0.80804,64.8368,99.57,106.154999,1062.550049,7.72453
03-16-2018,0.8124,65.014397,99.5,106.308998,1068.75,7.7127
03-19-2018,0.81428,65.065002,98.839996,105.969002,1070.209961,7.723
03-20-2018,0.81058,65.210098,99.720001,105.996002,1072.160034,7.72233
03-21-2018,0.8162,65.232399,99.080002,106.469002,1070.550049,7.74121
03-22-2018,0.80987,65.065598,98.940002,105.929001,1063.959961,7.6876
03-23-2018,0.81136,65.160004,98.300003,104.968002,1079.900024,7.73959
03-26-2018,0.80943,65.014999,97.559998,104.859001,1082.530029,7.757
03-27-2018,0.80273,64.695,97.629997,105.5,1074.300049,7.6719
03-28-2018,0.80594,64.8955,98.400002,105.492996,1074.119995,7.709
03-29-2018,0.81233,65.1492,98.459999,106.811996,1063.410034,7.86141
03-30-2018,0.81282,65.029999,98.199997,106.478996,1062,7.8385
04-02-2018,0.81207,65.105499,98.540001,106.311996,1060.98999,7.85351
04-03-2018,0.81349,65.139999,98.720001,105.799004,1056.160034,7.89499
04-04-2018,0.81443,64.904999,98.720001,106.435997,1053.72998,7.83212
04-05-2018,0.81388,64.995003,98.599998,106.774002,1057.430054,7.81729
04-06-2018,0.81622,64.861504,98.93,107.052002,1061.640015,7.83301
04-09-2018,0.8149,64.904503,98.550003,106.968002,1070.459961,7.83512
04-10-2018,0.81153,64.870003,98.139999,106.749001,1068.77002,7.7843
04-11-2018,0.80886,64.925301,98.029999,107.112999,1063.380005,7.79386
04-12-2018,0.8083,65.190002,98.190002,106.829002,1065.75,7.75859
04-13-2018,0.81105,65.275703,98.339996,107.222,1069.97998,7.76516
04-16-2018,0.81086,65.195602,98.629997,107.498001,1070.660034,7.77014
04-17-2018,0.80742,65.429298,98.550003,107.045998,1069.52002,7.76781
04-18-2018,0.8082,65.675003,99.110001,107.015999,1066.089966,7.76027
04-19-2018,0.80781,66.010002,99.300003,107.346001,1064.069946,7.7593
04-20-2018,0.81001,66.114799,99.580002,107.431999,1066.23999,7.7912
04-23-2018,0.81477,66.196899,100.080002,107.869003,1071.410034,7.8295
04-24-2018,0.81907,66.544998,100.620003,108.761002,1080.180054,7.89118
04-25-2018,0.8169,66.414101,100.230003,108.803001,1076.75,7.8941
04-26-2018,0.82158,66.9077,100.790001,109.363998,1081.170044,7.96447
04-27-2018,0.82579,66.900002,101.139999,109.300003,1076.790039,7.9858
04-30-2018,0.82489,66.610001,100.839996,109.098,1067.599976,7.96836
05-01-2018,0.82773,66.449997,100.870003,109.322998,1069.449951,8.01059
05-02-2018,0.83392,66.788696,101.589996,109.872002,1072.52002,8.08653
05-03-2018,0.83675,67.080002,101.970001,109.827003,1078.810059,8.12054
05-04-2018,0.83408,66.660004,101.639999,109.096001,1074.119995,8.0454
05-07-2018,0.83647,66.810501,101.410004,109.146004,1073.329956,8.0549
05-08-2018,0.83796,67.118797,101.82,108.943001,1078.390015,8.0578
05-09-2018,0.84261,67.162498,102.690002,109.024002,1077.560059,8.12943
05-10-2018,0.84408,67.620003,103,109.847,1077.97998,8.0772
05-11-2018,0.8391,67.389999,102.43,109.435997,1064.369995,7.99873
05-14-2018,0.83667,67.382202,101.940002,109.337997,1065.949951,7.98942
05-15-2018,0.83814,67.678001,102.449997,109.731003,1069.160034,8.03321
05-16-2018,0.84596,68.459999,103.510002,110.296997,1078.859985,8.12516
05-17-2018,0.84624,68.059998,103.980003,110.359001,1076.48999,8.0657
05-18-2018,0.8478,68.139999,104,110.828003,1080.910034,8.13023
05-21-2018,0.84986,67.974998,104.580002,110.879997,1080.51001,8.11607
05-22-2018,0.848,68.400002,104.370003,110.977997,1076.51001,8.0471
05-23-2018,0.84828,68.43,104.57,110.725998,1074.199951,8.04902
05-24-2018,0.85396,68.650002,105.459999,109.869003,1074.790039,8.07965
05-25-2018,0.85305,68.260101,105.309998,109.311996,1079.22998,8.09825
05-28-2018,0.85551,67.721703,105.620003,109.623001,1073.650024,8.1533
05-29-2018,0.86007,67.402802,105.5,109.389,1073.170044,8.18874
05-30-2018,0.8666,68.129997,106.190002,108.393997,1083.930054,8.29121
05-31-2018,0.8571,67.43,105.040001,108.711998,1075.030029,8.1841
06-01-2018,0.8552,67.434998,104.120003,108.749001,1079.949951,8.17744
06-04-2018,0.857,66.925003,104.349998,109.598,1070.359985,8.17958
06-05-2018,0.85466,67.059998,105.279999,109.962997,1070.530029,8.11852
06-06-2018,0.85279,67.089996,105.059998,109.859001,1070.290039,8.1029
06-07-2018,0.8485,66.830101,105.059998,110.125,1065.150024,8.07201
06-08-2018,0.8478,67.410004,105.239998,109.694,1071.329956,8.061011
06-11-2018,0.84861,67.510002,105.529999,109.443001,1072.650024,8.05015
06-12-2018,0.84932,67.489998,105.800003,110.386002,1076.380005,8.0471
06-13-2018,0.85119,67.910004,106.529999,110.452003,1079.25,8.04858
06-14-2018,0.8469,67.779999,106.059998,110.241997,1084.699951,8.00855
06-15-2018,0.86456,68.129997,106.599998,110.644997,1090.77002,8.1342
06-18-2018,0.86237,68.050003,107.599998,110.616997,1103.819946,8.1497
06-19-2018,0.85979,68.010002,108.519997,110.138,1104.160034,8.12222
06-20-2018,0.86292,68.050003,107.389999,110.070999,1111.119995,8.1818
06-21-2018,0.86363,68.349998,108.900002,110.351997,1107.719971,8.17584
06-22-2018,0.86164,67.830002,108.779999,109.952003,1109.630005,8.1238
06-25-2018,0.85753,67.854897,107.93,109.936996,1110.530029,8.0884
06-26-2018,0.8545,68.339996,107.559998,109.642998,1114.030029,8.107
06-27-2018,0.85835,68.364998,107.019997,110.097,1117.599976,8.12863
06-28-2018,0.86478,69.239998,107.129997,110.214996,1122.780029,8.18432
06-29-2018,0.86483,68.7967,107.110001,110.486,1120.540039,8.19047
07-02-2018,0.85627,68.434998,105.150002,110.709999,1114.51001,8.1527
07-03-2018,0.85895,68.694801,106.760002,110.871002,1118.170044,8.16681
07-04-2018,0.85769,68.830002,106.910004,110.407997,1113.339966,8.13726
07-05-2018,0.85746,68.980003,106.75,110.501999,1114.310059,8.11206
07-06-2018,0.855,69.07,106.440002,110.579002,1117.76001,8.0608
07-09-2018,0.8509,68.754997,106.449997,110.421997,1113.650024,8.0259
07-10-2018,0.85056,68.659798,106.410004,110.953003,1112.47998,8.01738
07-11-2018,0.85273,68.900002,106.57,110.831001,1112.560059,8.0278
07-12-2018,0.8564,68.720001,107.120003,111.958,1127.170044,8.1064
07-13-2018,0.8572,68.540001,107.18,112.665001,1122.650024,8.1095
07-16-2018,0.85623,68.486702,106.900002,112.399002,1129.849976,8.1163
07-17-2018,0.85401,68.720001,106.440002,112.374001,1126.900024,8.10247
07-18-2018,0.85813,68.356003,106.43,113.012001,1125.550049,8.1529
07-19-2018,0.85869,68.615501,106.550003,112.791,1131.089966,8.17024
07-20-2018,0.85799,68.935097,106.32,112.362999,1134.47998,8.22299
07-23-2018,0.85165,68.733299,105.82,111.053001,1127.160034,8.1585
07-24-2018,0.85513,69.199997,106.269997,111.459999,1132.449951,8.1928
07-25-2018,0.85576,68.809998,105.980003,111.240997,1127.97998,8.1753
07-26-2018,0.85197,68.839996,104.209999,110.845001,1115.75,8.1261
07-27-2018,0.85889,68.739998,105.199997,111.146004,1123.150024,8.18602
07-30-2018,0.8576,68.614998,105.010002,110.933998,1114.599976,8.18789
07-31-2018,0.85416,68.684998,104.599998,110.994003,1116.670044,8.13165
08-01-2018,0.85546,68.496803,105.269997,111.807999,1112.199951,8.157
08-02-2018,0.8572,68.307098,106.029999,111.620003,1118.599976,8.17127
08-03-2018,0.86311,68.615501,106.370003,111.690002,1128.150024,8.23829
08-06-2018,0.86488,68.504997,106.779999,111.234001,1122.900024,8.26018
08-07-2018,0.8652,68.809998,106.830002,111.339996,1125.400024,8.2498
08-08-2018,0.86185,68.596001,106.43,111.345001,1116.25,8.1969
08-09-2018,0.86127,68.455002,106.839996,110.891998,1115.949951,8.2166
08-10-2018,0.86776,69.099998,107.629997,111.091003,1121.890015,8.31923
08-13-2018,0.8776,69.084999,108.889999,110.628998,1130.900024,8.3704
08-14-2018,0.877,69.949097,108.440002,110.661003,1135.969971,8.36929
08-15-2018,0.88139,69.949997,109.18,111.246002,1126.75,8.4154
08-16-2018,0.8815,70.660004,109,110.575996,1136.380005,8.45828
08-17-2018,0.8794,70.004997,108.029999,111.003998,1126.23999,8.4788
08-20-2018,0.8743,69.785004,107.07,110.474998,1118.5,8.4519
08-21-2018,0.87022,69.739998,107.790001,109.947998,1116.880005,8.43726
08-22-2018,0.8638,69.809998,107.019997,110.134003,1116.099976,8.40122
08-23-2018,0.8632,69.790001,107.559998,110.587997,1117.5,8.35039
08-24-2018,0.8663,70.275002,108.010002,111.366997,1126.150024,8.38655
08-27-2018,0.85845,69.764999,107.010002,111.281998,1111.170044,8.31102
08-28-2018,0.8559,69.945,106.370003,111.137001,1108.22998,8.32309
08-29-2018,0.85534,70.540001,106.529999,111.162003,1106.880005,8.34167
08-30-2018,0.85399,70.910004,106.370003,111.711998,1108.449951,8.3276
08-31-2018,0.85729,71.404999,106.949997,110.999001,1115.449951,8.34672
09-03-2018,0.86199,70.995003,107.379997,111.143997,1114.810059,8.3909
09-04-2018,0.86092,71.07,108.099998,111.087997,1113.5,8.35532
09-05-2018,0.86307,71.75,109.150002,111.460999,1121.300049,8.39194
09-06-2018,0.85946,71.889999,109.040001,111.448997,1118.099976,8.39881
09-07-2018,0.86058,71.938904,110.529999,110.495003,1124.699951,8.4212
09-10-2018,0.86497,72.095001,111.720001,110.919998,1126.849976,8.4363
09-11-2018,0.86237,72.445,112.809998,111.148003,1136.77002,8.38757
09-12-2018,0.86236,72.989998,113.089996,111.607002,1125.300049,8.3245
09-13-2018,0.8599,71.925201,113.099998,111.220001,1125.75,8.256
09-14-2018,0.8553,72.027496,111.25,112.012001,1120.550049,8.2148
09-17-2018,0.85992,72.095001,109.620003,111.953003,1120.900024,8.25071
09-18-2018,0.85696,72.534798,108.800003,111.690002,1125.619995,8.18266
09-19-2018,0.85617,73.120003,109.330002,112.277,1120.800049,8.15093
09-20-2018,0.85656,72.345001,110.18,112.317001,1122.25,8.1476
09-21-2018,0.84919,71.720001,109.599998,112.495003,1116.400024,8.1454
09-24-2018,0.85099,72.230003,109.830002,112.524002,1114.099976,8.14058
09-25-2018,0.85085,73.300003,110.669998,112.786003,1117.849976,8.1373
09-26-2018,0.85011,73.089996,109.25,112.969002,1115.829956,8.1308
09-27-2018,0.85117,72.769997,109.620003,112.704002,1114.170044,8.10302
09-28-2018,0.8593,72.949997,110.32,113.357002,1112.310059,8.1556
10-01-2018,0.86167,72.504997,110.599998,113.795998,1109.01001,8.14364
10-02-2018,0.86374,73.754997,111.57,113.945999,1112.25,8.15023
10-03-2018,0.86567,73.279999,112.010002,113.577003,1117.5,8.16945
10-04-2018,0.87136,73.849998,114.110001,114.486,1125.420044,8.2298
10-05-2018,0.8682,74.220001,113.190002,113.893997,1132.900024,8.24467
10-08-2018,0.86786,73.763,113.739998,113.714996,1131.099976,8.25934
10-09-2018,0.87001,73.889999,114.209999,113.097,1133.199951,8.2743
10-10-2018,0.86904,74.550003,115.010002,112.998001,1132.400024,8.2575
10-11-2018,0.86705,74.599998,116.25,112.092003,1142.849976,8.21939
10-12-2018,0.86278,74.160004,115.650002,112.080002,1134.300049,8.21322
10-15-2018,0.8657,73.676003,116.050003,112.192001,1131.189941,8.1698
10-16-2018,0.8633,74.080002,115.900002,111.841003,1135.170044,8.1463
10-17-2018,0.86391,73.455498,117.709999,112.342003,1122.150024,8.1432
10-18-2018,0.8695,73.919998,119.010002,112.627998,1127.099976,8.21391
10-19-2018,0.8726,74.160004,117.449997,112.184998,1136.599976,8.2721
10-22-2018,0.86885,73.464996,116.830002,112.480003,1131.599976,8.2241
10-23-2018,0.872,73.859497,117.790001,112.757004,1131.25,8.2518
10-24-2018,0.8716,73.221298,118.330002,112.444,1136.640015,8.2857
10-25-2018,0.87725,73.220497,119.989998,112.012001,1137.560059,8.34295
10-26-2018,0.8789,73.2202,120.089996,112.349998,1135.22998,8.34442
10-29-2018,0.87729,73.125,120.139999,111.907997,1139.5,8.3559
10-30-2018,0.87903,73.590599,120.599998,112.323997,1142.079956,8.38761
10-31-2018,0.88134,73.650002,121.080002,113.052002,1137.699951,8.4064
11-01-2018,0.88365,74.07,121.349998,112.850998,1140.969971,8.43118
11-02-2018,0.87694,73.309998,120.790001,112.714996,1129.050049,8.3554
11-05-2018,0.87738,72.904999,121.059998,113.139,1116.099976,8.3556
11-06-2018,0.8762,72.860001,120.589996,113.246002,1121.560059,8.3532
11-07-2018,0.87424,73.230003,120.379997,113.362999,1119.949951,8.35425
11-08-2018,0.87458,72.379997,120.480003,113.546997,1115.369995,8.34115
11-09-2018,0.87963,72.900002,121.379997,113.953003,1119.569946,8.37944
11-12-2018,0.883,72.470001,122.010002,113.846001,1130.949951,8.4307
11-13-2018,0.8902,73.18,123.089996,113.695999,1137.459961,8.51869
11-14-2018,0.88408,72.550003,123.730003,113.789001,1131.130005,8.4786
11-15-2018,0.88403,72.400002,123.82,113.564003,1131.199951,8.50663
11-16-2018,0.88301,71.891701,123.68,113.555,1127,8.48559
11-19-2018,0.87612,71.775002,122.889999,112.730003,1120.400024,8.4317
11-20-2018,0.87298,71.690002,122.620003,112.443001,1126.189941,8.4741
11-21-2018,0.87932,71.415001,123.660004,112.703003,1128.400024,8.5819
11-22-2018,0.87809,71.294998,123.709999,113.021004,1137.310059,8.52073
11-23-2018,0.87695,70.834999,123.160004,112.977997,1135.5,8.5291
11-26-2018,0.88204,70.669998,123.550003,112.918999,1133.5,8.58979
11-27-2018,0.88235,70.809998,124.139999,113.503998,1129.030029,8.58106
11-28-2018,0.88505,70.879997,125,113.766998,1130.369995,8.59425
11-29-2018,0.87962,70.599998,123.739998,113.555,1121.119995,8.5521
11-30-2018,0.87775,69.919998,124.669998,113.411003,1117.02002,8.53009
12-03-2018,0.88166,69.760002,122.610001,113.763,1117.150024,8.55339
12-04-2018,0.88068,70.485001,122.639999,113.586998,1108.300049,8.52304
12-05-2018,0.88161,70.629997,122.779999,112.698997,1110.630005,8.50882
12-06-2018,0.88113,70.870003,122.389999,113.051003,1111.660034,8.5032
12-07-2018,0.87914,70.75,121.18,112.689003,1119.599976,8.5167
12-10-2018,0.87712,71.364998,121.449997,112.501999,1122.699951,8.4972
12-11-2018,0.88055,72.730003,123.18,113.181,1131.5,8.5576
12-12-2018,0.88315,72.620003,123.540001,113.384003,1127.619995,8.57457
12-13-2018,0.87924,72.150002,123,113.285004,1123.849976,8.57043
12-14-2018,0.88,71.546997,123.080002,113.559998,1127.02002,8.5516
12-17-2018,0.88449,71.910004,123,113.389999,1131.650024,8.6166
12-18-2018,0.88107,71.589996,122.360001,112.829002,1128.150024,8.64028
12-19-2018,0.87909,70.57,121.980003,112.524002,1125.069946,8.72523
12-20-2018,0.878,70.685501,121.510002,112.410004,1128.130005,8.71554
12-21-2018,0.87284,70.300003,118.709999,111.170998,1120.030029,8.67076
12-24-2018,0.87929,70.139999,116.830002,111.054001,1127.5,8.7699
12-25-2018,0.87689,70.239998,116.550003,110.310997,1123.22998,8.7475
12-26-2018,0.876,70.239998,116.379997,110.402,1122.630005,8.74897
12-27-2018,0.88018,70.150002,116.980003,111.206001,1123.52002,8.74803
12-28-2018,0.87481,69.989998,116.220001,110.855003,1119.599976,8.76198
12-31-2018,0.87413,69.922501,116.139999,110.330002,1116.300049,8.7075
01-01-2019,0.87009,69.709999,115.879997,109.629997,1112.5,8.36058
